{
	"format_version": "1.21.10",
	"minecraft:geometry": [
		{
			"description": {
				"identifier": "geometry.aircon",
				"texture_width": 128,
				"texture_height": 128,
				"visible_bounds_width": 3,
				"visible_bounds_height": 2.5,
				"visible_bounds_offset": [0, 0.75, 0]
			},
			"bones": [
				{
					"name": "aircon",
					"pivot": [-2, 7.74864, -5.01594],
					"cubes": [
						{
							"origin": [-15, 0, -8],
							"size": [30, 12, 1],
							"uv": {
								"north": {"uv": [56, 52], "uv_size": [18, 16]},
								"east": {"uv": [56, 52], "uv_size": [18, 16]},
								"south": {"uv": [56, 52], "uv_size": [18, 16]},
								"west": {"uv": [56, 52], "uv_size": [18, 16]},
								"up": {"uv": [74, 68], "uv_size": [-18, -16]},
								"down": {"uv": [74, 68], "uv_size": [-18, -16]}
							}
						},
						{
							"origin": [-15, 0, -7],
							"size": [30, 1, 3],
							"uv": {
								"north": {"uv": [0, 42], "uv_size": [32, 2]},
								"east": {"uv": [40, 50], "uv_size": [4, 2]},
								"south": {"uv": [32, 42], "uv_size": [32, 2]},
								"west": {"uv": [44, 50], "uv_size": [4, 2]},
								"up": {"uv": [32, 8], "uv_size": [32, 4]},
								"down": {"uv": [36, 16], "uv_size": [32, -4]}
							}
						},
						{
							"origin": [-15, 11, -7],
							"size": [30, 1, 5.3],
							"uv": {
								"north": {"uv": [84, 18], "uv_size": [-32, -6]},
								"east": {"uv": [84, 18], "uv_size": [-32, -6]},
								"south": {"uv": [84, 18], "uv_size": [-32, -6]},
								"west": {"uv": [84, 18], "uv_size": [-32, -6]},
								"up": {"uv": [52, 12], "uv_size": [32, 6]},
								"down": {"uv": [52, 12], "uv_size": [32, 6]}
							}
						},
						{
							"origin": [12, 1, -7],
							"size": [3, 10, 3],
							"uv": {
								"north": {"uv": [86, 52], "uv_size": [16, 14]},
								"east": {"uv": [86, 52], "uv_size": [16, 14]},
								"south": {"uv": [86, 52], "uv_size": [16, 14]},
								"west": {"uv": [28, 20], "uv_size": [26, 72]},
								"up": {"uv": [102, 66], "uv_size": [-16, -14]},
								"down": {"uv": [102, 66], "uv_size": [-16, -14]}
							}
						},
						{
							"origin": [-15, 1, -7],
							"size": [3, 10, 3],
							"uv": {
								"north": {"uv": [24, 50], "uv_size": [2, 10]},
								"east": {"uv": [8, 50], "uv_size": [4, 10]},
								"south": {"uv": [26, 50], "uv_size": [2, 10]},
								"west": {"uv": [12, 50], "uv_size": [4, 10]},
								"up": {"uv": [28, 52], "uv_size": [2, 4]},
								"down": {"uv": [30, 56], "uv_size": [2, -4]}
							}
						},
						{
							"origin": [-15, -0.08827, -5.00981],
							"size": [30, 4.6, 2],
							"pivot": [-6, 1.81173, -3.30981],
							"rotation": [-30, 0, 0],
							"uv": {
								"north": {"uv": [36, 16], "uv_size": [32, 4]},
								"east": {"uv": [32, 52], "uv_size": [2, 4]},
								"south": {"uv": [62, 30], "uv_size": [66, 10]},
								"west": {"uv": [34, 52], "uv_size": [2, 4]},
								"up": {"uv": [32, 58], "uv_size": [32, 2]},
								"down": {"uv": [32, 48], "uv_size": [32, -2]}
							}
						},
						{
							"origin": [-15, 4, -4],
							"size": [30, 7, 2.3],
							"uv": {
								"north": {"uv": [86, 42], "uv_size": [32, 30]},
								"east": {"uv": [86, 42], "uv_size": [32, 30]},
								"south": {"uv": [86, 42], "uv_size": [32, 30]},
								"west": {"uv": [86, 42], "uv_size": [32, 30]},
								"up": {"uv": [118, 72], "uv_size": [-32, -30]},
								"down": {"uv": [118, 72], "uv_size": [-32, -30]}
							}
						}
					]
				}
			]
		}
	]
}