{
	"format_version": "1.16.100",
	"minecraft:geometry": [
		{
			"description": {
				"identifier": "geometry.rubbish_bin",
				"texture_width": 40,
				"texture_height": 40,
				"visible_bounds_width": 2,
				"visible_bounds_height": 2.5,
				"visible_bounds_offset": [0, 0.75, 0]
			},
			"bones": [
				{
					"name": "wastebins",
					"pivot": [0, 0, 0],
					"cubes": [
						{
							"origin": [-5, 0.65, 2.65],
							"size": [1.5, 1.2, 1.2],
							"pivot": [-3.5, 0.65, 2.65],
							"rotation": [-45, 0, 0],
							"uv": {
								"north": {"uv": [25, 29], "uv_size": [2, 1]},
								"east": {"uv": [17, 31], "uv_size": [1, 1]},
								"south": {"uv": [29, 3], "uv_size": [2, 1]},
								"west": {"uv": [17, 32], "uv_size": [1, 1]},
								"up": {"uv": [29, 4], "uv_size": [2, 1]},
								"down": {"uv": [29, 6], "uv_size": [2, -1]}
							}
						},
						{
							"origin": [4.25, 0.65, 2.65],
							"size": [1.5, 1.2, 1.2],
							"pivot": [5.75, 0.65, 2.65],
							"rotation": [-45, 0, 0],
							"uv": {
								"north": {"uv": [11, 32], "uv_size": [2, 1]},
								"east": {"uv": [32, 20], "uv_size": [1, 1]},
								"south": {"uv": [13, 32], "uv_size": [2, 1]},
								"west": {"uv": [32, 21], "uv_size": [1, 1]},
								"up": {"uv": [15, 32], "uv_size": [2, 1]},
								"down": {"uv": [19, 33], "uv_size": [2, -1]}
							}
						},
						{
							"origin": [-5, 1.4, 1.9],
							"size": [1.5, 1.2, 1.2],
							"pivot": [-3.5, 1.4, 1.9],
							"rotation": [-45, 0, 0],
							"uv": {
								"north": {"uv": [29, 9], "uv_size": [2, 1]},
								"east": {"uv": [21, 32], "uv_size": [1, 1]},
								"south": {"uv": [29, 10], "uv_size": [2, 1]},
								"west": {"uv": [22, 32], "uv_size": [1, 1]},
								"up": {"uv": [29, 11], "uv_size": [2, 1]},
								"down": {"uv": [29, 13], "uv_size": [2, -1]}
							}
						},
						{
							"origin": [4.25, 1.4, 1.9],
							"size": [1.5, 1.2, 1.2],
							"pivot": [5.75, 1.4, 1.9],
							"rotation": [-45, 0, 0],
							"uv": {
								"north": {"uv": [31, 10], "uv_size": [2, 1]},
								"east": {"uv": [32, 18], "uv_size": [1, 1]},
								"south": {"uv": [31, 11], "uv_size": [2, 1]},
								"west": {"uv": [32, 19], "uv_size": [1, 1]},
								"up": {"uv": [31, 12], "uv_size": [2, 1]},
								"down": {"uv": [9, 33], "uv_size": [2, -1]}
							}
						},
						{
							"origin": [-5, 0.65, 1.15],
							"size": [1.5, 1.2, 1.2],
							"pivot": [-3.5, 0.65, 1.15],
							"rotation": [-45, 0, 0],
							"uv": {
								"north": {"uv": [19, 30], "uv_size": [2, 1]},
								"east": {"uv": [25, 32], "uv_size": [1, 1]},
								"south": {"uv": [21, 30], "uv_size": [2, 1]},
								"west": {"uv": [26, 32], "uv_size": [1, 1]},
								"up": {"uv": [25, 30], "uv_size": [2, 1]},
								"down": {"uv": [9, 32], "uv_size": [2, -1]}
							}
						},
						{
							"origin": [4.25, 0.65, 1.15],
							"size": [1.5, 1.2, 1.2],
							"pivot": [5.75, 0.65, 1.15],
							"rotation": [-45, 0, 0],
							"uv": {
								"north": {"uv": [31, 3], "uv_size": [2, 1]},
								"east": {"uv": [32, 16], "uv_size": [1, 1]},
								"south": {"uv": [31, 4], "uv_size": [2, 1]},
								"west": {"uv": [32, 17], "uv_size": [1, 1]},
								"up": {"uv": [31, 5], "uv_size": [2, 1]},
								"down": {"uv": [31, 10], "uv_size": [2, -1]}
							}
						},
						{
							"origin": [-5, -0.1, 1.9],
							"size": [1.5, 1.2, 1.2],
							"pivot": [-3.5, -0.1, 1.9],
							"rotation": [-45, 0, 0],
							"uv": {
								"north": {"uv": [11, 31], "uv_size": [2, 1]},
								"east": {"uv": [32, 32], "uv_size": [1, 1]},
								"south": {"uv": [13, 31], "uv_size": [2, 1]},
								"west": {"uv": [32, 13], "uv_size": [1, 1]},
								"up": {"uv": [15, 31], "uv_size": [2, 1]},
								"down": {"uv": [19, 32], "uv_size": [2, -1]}
							}
						},
						{
							"origin": [4.25, -0.1, 1.9],
							"size": [1.5, 1.2, 1.2],
							"pivot": [5.75, -0.1, 1.9],
							"rotation": [-45, 0, 0],
							"uv": {
								"north": {"uv": [21, 31], "uv_size": [2, 1]},
								"east": {"uv": [32, 14], "uv_size": [1, 1]},
								"south": {"uv": [25, 31], "uv_size": [2, 1]},
								"west": {"uv": [32, 15], "uv_size": [1, 1]},
								"up": {"uv": [31, 1], "uv_size": [2, 1]},
								"down": {"uv": [31, 3], "uv_size": [2, -1]}
							}
						},
						{
							"origin": [-4, 0.0435, -3.22595],
							"size": [9, 11, 1],
							"pivot": [0.5, 5.55505, -2.72595],
							"rotation": [2.5, 0, 0],
							"uv": {
								"north": {"uv": [0, 0], "uv_size": [9, 11]},
								"east": {"uv": [14, 20], "uv_size": [1, 11]},
								"south": {"uv": [9, 9], "uv_size": [9, 11]},
								"west": {"uv": [15, 20], "uv_size": [1, 11]},
								"up": {"uv": [9, 7], "uv_size": [9, 1]},
								"down": {"uv": [9, 9], "uv_size": [9, -1]}
							}
						},
						{
							"origin": [0.5, 0.0435, 0.27405],
							"size": [5, 11, 1],
							"pivot": [4.25, 5.55505, 1.27405],
							"rotation": [2.5, -90, 0],
							"uv": {
								"north": {"uv": [9, 20], "uv_size": [5, 11]},
								"east": {"uv": [5, 22], "uv_size": [1, 11]},
								"south": {"uv": [0, 22], "uv_size": [5, 11]},
								"west": {"uv": [6, 22], "uv_size": [1, 11]},
								"up": {"uv": [24, 3], "uv_size": [5, 1]},
								"down": {"uv": [27, 26], "uv_size": [5, -1]}
							}
						},
						{
							"origin": [-7.75, 0.0435, 0.77405],
							"size": [5.5, 11, 1],
							"pivot": [-3.75, 5.55505, 1.27405],
							"rotation": [-2.5, -90, 0],
							"uv": {
								"north": {"uv": [27, 27], "uv_size": [5, 11]},
								"east": {"uv": [7, 22], "uv_size": [1, 11]},
								"south": {"uv": [27, 14], "uv_size": [5, 11]},
								"west": {"uv": [8, 22], "uv_size": [1, 11]},
								"up": {"uv": [27, 26], "uv_size": [5, 1]},
								"down": {"uv": [28, 7], "uv_size": [5, -1]}
							}
						},
						{
							"origin": [-4, 0.03448, 2.25387],
							"size": [9, 11, 1],
							"pivot": [0.5, 5.53448, 2.75387],
							"rotation": [-2.5, 0, 0],
							"uv": {
								"north": {"uv": [0, 11], "uv_size": [9, 11]},
								"east": {"uv": [16, 20], "uv_size": [1, 11]},
								"south": {"uv": [18, 18], "uv_size": [9, 11]},
								"west": {"uv": [17, 20], "uv_size": [1, 11]},
								"up": {"uv": [19, 6], "uv_size": [9, 1]},
								"down": {"uv": [24, 1], "uv_size": [9, -1]}
							}
						},
						{
							"origin": [-4.5, 11, -3.5],
							"size": [10, 1, 7],
							"uv": {
								"north": {"uv": [19, 4], "uv_size": [10, 1]},
								"east": {"uv": [24, 1], "uv_size": [7, 1]},
								"south": {"uv": [19, 5], "uv_size": [10, 1]},
								"west": {"uv": [24, 2], "uv_size": [7, 1]},
								"up": {"uv": [9, 0], "uv_size": [10, 7]},
								"down": {"uv": [18, 14], "uv_size": [10, -7]}
							}
						},
						{
							"origin": [-2, 11.5, -1],
							"size": [5, 1, 4],
							"uv": {
								"north": {"uv": [28, 7], "uv_size": [5, 1]},
								"east": {"uv": [23, 14], "uv_size": [4, 1]},
								"south": {"uv": [28, 8], "uv_size": [5, 1]},
								"west": {"uv": [23, 15], "uv_size": [4, 1]},
								"up": {"uv": [18, 14], "uv_size": [5, 4]},
								"down": {"uv": [19, 4], "uv_size": [5, -4]}
							}
						},
						{
							"origin": [-4, 11.75, -3.25],
							"size": [0.75, 0.75, 3.5],
							"pivot": [-3.5, 11.75, -0.25],
							"rotation": [0, -25, 0],
							"uv": {
								"north": {"uv": [32, 22], "uv_size": [1, 1]},
								"east": {"uv": [23, 16], "uv_size": [4, 1]},
								"south": {"uv": [32, 23], "uv_size": [1, 1]},
								"west": {"uv": [23, 17], "uv_size": [4, 1]},
								"up": {"uv": [28, 9], "uv_size": [1, 4]},
								"down": {"uv": [18, 33], "uv_size": [1, -4]}
							}
						},
						{
							"origin": [4.3, 11.75, -3.25],
							"size": [0.75, 0.75, 3.5],
							"pivot": [4.8, 11.75, -0.25],
							"rotation": [0, 25, 0],
							"uv": {
								"north": {"uv": [32, 24], "uv_size": [1, 1]},
								"east": {"uv": [28, 13], "uv_size": [4, 1]},
								"south": {"uv": [32, 25], "uv_size": [1, 1]},
								"west": {"uv": [19, 29], "uv_size": [4, 1]},
								"up": {"uv": [23, 29], "uv_size": [1, 4]},
								"down": {"uv": [24, 33], "uv_size": [1, -4]}
							}
						}
					]
				}
			]
		}
	]
}