{
	"format_version": "1.16.100",
	"minecraft:geometry": [
		{
			"description": {
				"identifier": "geometry.counter_sink",
				"texture_width": 64,
				"texture_height": 64,
				"visible_bounds_width": 3,
				"visible_bounds_height": 2.5,
				"visible_bounds_offset": [0, 0.75, 0]
			},
			"bones": [
				{
					"name": "bb_main",
					"pivot": [0, 0, 0],
					"cubes": [
						{
							"origin": [-5.1, 15, 3],
							"size": [10.2, 1, 5],
							"uv": {
								"north": {"uv": [12, 44], "uv_size": [-10, -5]},
								"east": {"uv": [12, 44], "uv_size": [-10, -5]},
								"south": {"uv": [12, 44], "uv_size": [-10, -5]},
								"west": {"uv": [12, 44], "uv_size": [-10, -5]},
								"up": {"uv": [2, 39], "uv_size": [10, 5]},
								"down": {"uv": [2, 39], "uv_size": [10, 5]}
							}
						},
						{
							"origin": [-5.1, 15, -9],
							"size": [10.2, 1, 3],
							"uv": {
								"north": {"uv": [13, 41], "uv_size": [-10, -3]},
								"east": {"uv": [13, 41], "uv_size": [-10, -3]},
								"south": {"uv": [13, 41], "uv_size": [-10, -3]},
								"west": {"uv": [13, 41], "uv_size": [-10, -3]},
								"up": {"uv": [3, 38], "uv_size": [10, 3]},
								"down": {"uv": [3, 38], "uv_size": [10, 3]}
							}
						},
						{
							"origin": [-1, 16, 4],
							"size": [2, 8, 2],
							"uv": {
								"north": {"uv": [47, 33], "uv_size": [2, 8]},
								"east": {"uv": [36, 47], "uv_size": [2, 8]},
								"south": {"uv": [47, 41], "uv_size": [2, 8]},
								"west": {"uv": [48, 0], "uv_size": [2, 8]},
								"up": {"uv": [30, 40], "uv_size": [2, 2]},
								"down": {"uv": [35, 44], "uv_size": [2, -2]}
							}
						},
						{
							"origin": [-1, 22, -0.75],
							"size": [2, 2, 4.75],
							"uv": {
								"north": {"uv": [26, 49], "uv_size": [2, 2]},
								"east": {"uv": [25, 40], "uv_size": [5, 2]},
								"south": {"uv": [28, 49], "uv_size": [2, 2]},
								"west": {"uv": [48, 26], "uv_size": [5, 2]},
								"up": {"uv": [22, 49], "uv_size": [2, 5]},
								"down": {"uv": [24, 54], "uv_size": [2, -5]}
							}
						},
						{
							"origin": [-1, 21.75, -0.75],
							"size": [2, 0.25, 1.75],
							"uv": {
								"north": {"uv": [49, 47], "uv_size": [2, 1]},
								"east": {"uv": [49, 48], "uv_size": [2, 1]},
								"south": {"uv": [50, 0], "uv_size": [2, 1]},
								"west": {"uv": [50, 1], "uv_size": [2, 1]},
								"up": {"uv": [30, 49], "uv_size": [2, 2]},
								"down": {"uv": [49, 35], "uv_size": [2, -2]}
							}
						},
						{
							"origin": [-5, 16, 4],
							"size": [2, 1, 2],
							"uv": {
								"north": {"uv": [50, 2], "uv_size": [2, 1]},
								"east": {"uv": [50, 3], "uv_size": [2, 1]},
								"south": {"uv": [50, 4], "uv_size": [2, 1]},
								"west": {"uv": [50, 5], "uv_size": [2, 1]},
								"up": {"uv": [49, 35], "uv_size": [2, 2]},
								"down": {"uv": [49, 39], "uv_size": [2, -2]}
							}
						},
						{
							"origin": [3, 16, 4],
							"size": [2, 1, 2],
							"uv": {
								"north": {"uv": [50, 6], "uv_size": [2, 1]},
								"east": {"uv": [50, 7], "uv_size": [2, 1]},
								"south": {"uv": [47, 50], "uv_size": [2, 1]},
								"west": {"uv": [49, 50], "uv_size": [2, 1]},
								"up": {"uv": [49, 39], "uv_size": [2, 2]},
								"down": {"uv": [49, 43], "uv_size": [2, -2]}
							}
						}
					]
				},
				{
					"name": "counter_sink",
					"pivot": [0, 0, 0],
					"cubes": [
						{
							"origin": [-8, 0, -8],
							"size": [16, 10, 16],
							"uv": {
								"north": {"uv": [16, 0], "uv_size": [16, 10]},
								"east": {"uv": [16, 10], "uv_size": [16, 10]},
								"south": {"uv": [16, 20], "uv_size": [16, 10]},
								"west": {"uv": [16, 30], "uv_size": [16, 10]},
								"up": {"uv": [0, 0], "uv_size": [16, 16]},
								"down": {"uv": [0, 32], "uv_size": [16, -16]}
							}
						},
						{
							"origin": [-8, 15, -9],
							"size": [3, 1, 17],
							"uv": {
								"north": {"uv": [35, 42], "uv_size": [-3, -17]},
								"east": {"uv": [35, 42], "uv_size": [-3, -17]},
								"south": {"uv": [35, 42], "uv_size": [-3, -17]},
								"west": {"uv": [35, 42], "uv_size": [-3, -17]},
								"up": {"uv": [32, 25], "uv_size": [3, 17]},
								"down": {"uv": [32, 25], "uv_size": [3, 17]}
							}
						},
						{
							"origin": [5, 15, -9],
							"size": [3, 1, 17],
							"uv": {
								"north": {"uv": [5, 54], "uv_size": [-4, -14]},
								"east": {"uv": [5, 54], "uv_size": [-4, -14]},
								"south": {"uv": [5, 54], "uv_size": [-4, -14]},
								"west": {"uv": [5, 54], "uv_size": [-4, -14]},
								"up": {"uv": [1, 40], "uv_size": [4, 14]},
								"down": {"uv": [1, 40], "uv_size": [4, 14]}
							}
						},
						{
							"origin": [-8, 10, -8],
							"size": [16, 5, 2],
							"uv": {
								"north": {"uv": [0, 32], "uv_size": [16, 5]},
								"east": {"uv": [32, 48], "uv_size": [2, 5]},
								"south": {"uv": [32, 0], "uv_size": [16, 5]},
								"west": {"uv": [34, 48], "uv_size": [2, 5]},
								"up": {"uv": [6, 45], "uv_size": [16, 2]},
								"down": {"uv": [22, 47], "uv_size": [16, -2]}
							}
						},
						{
							"origin": [-8, 10, 3],
							"size": [16, 5, 5],
							"uv": {
								"north": {"uv": [32, 5], "uv_size": [16, 5]},
								"east": {"uv": [9, 47], "uv_size": [5, 5]},
								"south": {"uv": [32, 10], "uv_size": [16, 5]},
								"west": {"uv": [14, 47], "uv_size": [5, 5]},
								"up": {"uv": [32, 15], "uv_size": [16, 5]},
								"down": {"uv": [32, 25], "uv_size": [16, -5]}
							}
						},
						{
							"origin": [-8, 10, -6],
							"size": [3, 5, 9],
							"uv": {
								"north": {"uv": [48, 8], "uv_size": [3, 5]},
								"east": {"uv": [38, 30], "uv_size": [9, 5]},
								"south": {"uv": [48, 13], "uv_size": [3, 5]},
								"west": {"uv": [38, 35], "uv_size": [9, 5]},
								"up": {"uv": [38, 45], "uv_size": [3, 9]},
								"down": {"uv": [41, 54], "uv_size": [3, -9]}
							}
						},
						{
							"origin": [5, 10, -6],
							"size": [3, 5, 9],
							"uv": {
								"north": {"uv": [48, 18], "uv_size": [3, 5]},
								"east": {"uv": [16, 40], "uv_size": [9, 5]},
								"south": {"uv": [19, 48], "uv_size": [3, 5]},
								"west": {"uv": [38, 40], "uv_size": [9, 5]},
								"up": {"uv": [44, 45], "uv_size": [3, 9]},
								"down": {"uv": [6, 56], "uv_size": [3, -9]}
							}
						}
					]
				}
			]
		}
	]
}