{
	"format_version": "1.16.100",
	"minecraft:geometry": [
		{
			"description": {
				"identifier": "geometry.electric_charger",
				"texture_width": 64,
				"texture_height": 64,
				"visible_bounds_width": 3,
				"visible_bounds_height": 4,
				"visible_bounds_offset": [0, 1, 0]
			},
			"bones": [
				{
					"name": "bb_main",
					"pivot": [0, 0, 0],
					"cubes": [
						{"origin": [-5, 0, -5], "size": [10, 27, 10], "uv": [0, 0]},
						{"origin": [-7, 21, -1], "size": [2, 2, 2], "uv": [8, 37]},
						{"origin": [-6.5, 4, -0.5], "size": [1, 17, 1], "uv": [4, 37]},
						{"origin": [5.5, 4, -0.5], "size": [1, 17, 1], "uv": [0, 37]},
						{"origin": [5, 21, -1], "size": [2, 2, 2], "uv": [36, 5]},
						{"origin": [-7, 0, -1], "size": [2, 5, 2], "uv": [30, 0]},
						{"origin": [5, 0, -1], "size": [2, 5, 2], "uv": [0, 0]}
					]
				}
			]
		}
	]
}