{
	"format_version": "1.16.100",
	"minecraft:geometry": [
		{
			"description": {
				"identifier": "geometry.iphone_se_2",
				"texture_width": 32,
				"texture_height": 32,
				"visible_bounds_width": 2,
				"visible_bounds_height": 1.5,
				"visible_bounds_offset": [0, 0.25, 0]
			},
			"bones": [
				{
					"name": "iphonese",
					"pivot": [0, 0, 0],
					"cubes": [
						{
							"origin": [-4, 0, -7],
							"size": [8, 1, 14],
							"uv": {
								"north": {"uv": [8, 2], "uv_size": [8, 1]},
								"east": {"uv": [8, 0], "uv_size": [14, 1]},
								"south": {"uv": [8, 3], "uv_size": [8, 1]},
								"west": {"uv": [8, 1], "uv_size": [14, 1]},
								"up": {"uv": [0, 0], "uv_size": [8, 14]},
								"down": {"uv": [8, 22], "uv_size": [8, -14]}
							}
						},
						{
							"origin": [-4.29289, 0, -7.70711],
							"size": [1, 1, 1],
							"pivot": [-3.29289, 0, -7.70711],
							"rotation": [0, 45, 0],
							"uv": {
								"north": {"uv": [16, 3], "uv_size": [1, 1]},
								"east": {"uv": [16, 12], "uv_size": [1, 1]},
								"south": {"uv": [16, 13], "uv_size": [1, 1]},
								"west": {"uv": [16, 14], "uv_size": [1, 1]},
								"up": {"uv": [16, 15], "uv_size": [1, 1]},
								"down": {"uv": [1, 18], "uv_size": [1, -1]}
							}
						},
						{
							"origin": [2.29289, 0, -7.70711],
							"size": [1, 1, 1],
							"pivot": [3.29289, 0, -7.70711],
							"rotation": [0, 45, 0],
							"uv": {
								"north": {"uv": [2, 17], "uv_size": [1, 1]},
								"east": {"uv": [3, 17], "uv_size": [1, 1]},
								"south": {"uv": [4, 17], "uv_size": [1, 1]},
								"west": {"uv": [7, 17], "uv_size": [1, 1]},
								"up": {"uv": [16, 17], "uv_size": [1, 1]},
								"down": {"uv": [17, 18], "uv_size": [1, -1]}
							}
						},
						{
							"origin": [2.29289, 0, 6.29289],
							"size": [1, 1, 1],
							"pivot": [3.29289, 0, 6.29289],
							"rotation": [0, 45, 0],
							"uv": {
								"north": {"uv": [17, 3], "uv_size": [1, 1]},
								"east": {"uv": [17, 8], "uv_size": [1, 1]},
								"south": {"uv": [17, 9], "uv_size": [1, 1]},
								"west": {"uv": [17, 10], "uv_size": [1, 1]},
								"up": {"uv": [17, 11], "uv_size": [1, 1]},
								"down": {"uv": [17, 13], "uv_size": [1, -1]}
							}
						},
						{
							"origin": [-4.29289, 0, 6.29289],
							"size": [1, 1, 1],
							"pivot": [-3.29289, 0, 6.29289],
							"rotation": [0, 45, 0],
							"uv": {
								"north": {"uv": [17, 13], "uv_size": [1, 1]},
								"east": {"uv": [17, 14], "uv_size": [1, 1]},
								"south": {"uv": [17, 15], "uv_size": [1, 1]},
								"west": {"uv": [1, 18], "uv_size": [1, 1]},
								"up": {"uv": [2, 18], "uv_size": [1, 1]},
								"down": {"uv": [3, 19], "uv_size": [1, -1]}
							}
						},
						{
							"origin": [-3.29289, 0, -7.70711],
							"size": [6.6, 1, 1],
							"uv": {
								"north": {"uv": [8, 4], "uv_size": [7, 1]},
								"east": {"uv": [4, 18], "uv_size": [1, 1]},
								"south": {"uv": [8, 5], "uv_size": [7, 1]},
								"west": {"uv": [5, 18], "uv_size": [1, 1]},
								"up": {"uv": [8, 6], "uv_size": [7, 1]},
								"down": {"uv": [8, 8], "uv_size": [7, -1]}
							}
						},
						{
							"origin": [-3.29289, 0, 6.69289],
							"size": [6.6, 1, 1],
							"uv": {
								"north": {"uv": [0, 14], "uv_size": [7, 1]},
								"east": {"uv": [6, 18], "uv_size": [1, 1]},
								"south": {"uv": [0, 15], "uv_size": [7, 1]},
								"west": {"uv": [7, 18], "uv_size": [1, 1]},
								"up": {"uv": [15, 4], "uv_size": [7, 1]},
								"down": {"uv": [15, 6], "uv_size": [7, -1]}
							}
						},
						{
							"origin": [-0.5, 1, -7.5],
							"size": [1.1, 0.1, 1],
							"uv": {
								"north": {"uv": [16, 18], "uv_size": [1, 1]},
								"east": {"uv": [17, 18], "uv_size": [1, 1]},
								"south": {"uv": [18, 18], "uv_size": [1, 1]},
								"west": {"uv": [18, 2], "uv_size": [1, 1]},
								"up": {"uv": [18, 3], "uv_size": [1, 1]},
								"down": {"uv": [18, 7], "uv_size": [1, -1]}
							}
						},
						{
							"origin": [3.95, 0.25, 1.75],
							"size": [0.25, 0.5, 2.5],
							"uv": {
								"north": {"uv": [18, 7], "uv_size": [1, 1]},
								"east": {"uv": [15, 6], "uv_size": [3, 1]},
								"south": {"uv": [18, 8], "uv_size": [1, 1]},
								"west": {"uv": [15, 7], "uv_size": [3, 1]},
								"up": {"uv": [7, 14], "uv_size": [1, 3]},
								"down": {"uv": [0, 19], "uv_size": [1, -3]}
							}
						},
						{
							"origin": [-4.25, 0.25, 3],
							"size": [0.25, 0.5, 1.5],
							"uv": {
								"north": {"uv": [18, 9], "uv_size": [1, 1]},
								"east": {"uv": [1, 16], "uv_size": [2, 1]},
								"south": {"uv": [18, 10], "uv_size": [1, 1]},
								"west": {"uv": [3, 16], "uv_size": [2, 1]},
								"up": {"uv": [5, 16], "uv_size": [1, 2]},
								"down": {"uv": [6, 18], "uv_size": [1, -2]}
							}
						},
						{
							"origin": [-4.25, 0.25, 1],
							"size": [0.25, 0.5, 1.5],
							"uv": {
								"north": {"uv": [18, 11], "uv_size": [1, 1]},
								"east": {"uv": [16, 16], "uv_size": [2, 1]},
								"south": {"uv": [18, 12], "uv_size": [1, 1]},
								"west": {"uv": [16, 2], "uv_size": [2, 1]},
								"up": {"uv": [16, 8], "uv_size": [1, 2]},
								"down": {"uv": [16, 12], "uv_size": [1, -2]}
							}
						},
						{
							"origin": [-4.3, 0.3, 5],
							"size": [0.3, 0.4, 0.7],
							"uv": {
								"north": {"uv": [18, 13], "uv_size": [1, 1]},
								"east": {"uv": [18, 14], "uv_size": [1, 1]},
								"south": {"uv": [18, 15], "uv_size": [1, 1]},
								"west": {"uv": [18, 16], "uv_size": [1, 1]},
								"up": {"uv": [18, 17], "uv_size": [1, 1]},
								"down": {"uv": [0, 20], "uv_size": [1, -1]}
							}
						}
					]
				}
			]
		}
	]
}