{
	"format_version": "1.16.100",
	"minecraft:geometry": [
		{
			"description": {
				"identifier": "geometry.locker",
				"texture_width": 96,
				"texture_height": 96,
				"visible_bounds_width": 3,
				"visible_bounds_height": 3.5,
				"visible_bounds_offset": [0, 1.25, 0]
			},
			"bones": [
				{
					"name": "unknown_bone",
					"pivot": [0, 0, 0],
					"cubes": [
						{
							"origin": [-8, 0, -8],
							"size": [2, 2, 2],
							"uv": {
								"north": {"uv": [63, 62], "uv_size": [2, 1]},
								"east": {"uv": [38, 64], "uv_size": [2, 1]},
								"south": {"uv": [40, 64], "uv_size": [2, 1]},
								"west": {"uv": [42, 64], "uv_size": [2, 1]},
								"up": {"uv": [62, 56], "uv_size": [2, 2]},
								"down": {"uv": [62, 60], "uv_size": [2, -2]}
							}
						},
						{
							"origin": [6, 0, -8],
							"size": [2, 2, 2],
							"uv": {
								"north": {"uv": [44, 64], "uv_size": [2, 1]},
								"east": {"uv": [46, 64], "uv_size": [2, 1]},
								"south": {"uv": [64, 64], "uv_size": [2, 1]},
								"west": {"uv": [64, 32], "uv_size": [2, 1]},
								"up": {"uv": [62, 60], "uv_size": [2, 2]},
								"down": {"uv": [12, 66], "uv_size": [2, -2]}
							}
						},
						{
							"origin": [6, 0, 6],
							"size": [2, 2, 2],
							"uv": {
								"north": {"uv": [64, 33], "uv_size": [2, 1]},
								"east": {"uv": [64, 34], "uv_size": [2, 1]},
								"south": {"uv": [64, 35], "uv_size": [2, 1]},
								"west": {"uv": [64, 36], "uv_size": [2, 1]},
								"up": {"uv": [14, 64], "uv_size": [2, 2]},
								"down": {"uv": [32, 66], "uv_size": [2, -2]}
							}
						},
						{
							"origin": [-8, 0, 6],
							"size": [2, 2, 2],
							"uv": {
								"north": {"uv": [64, 37], "uv_size": [2, 1]},
								"east": {"uv": [64, 38], "uv_size": [2, 1]},
								"south": {"uv": [64, 39], "uv_size": [2, 1]},
								"west": {"uv": [64, 40], "uv_size": [2, 1]},
								"up": {"uv": [34, 64], "uv_size": [2, 2]},
								"down": {"uv": [36, 66], "uv_size": [2, -2]}
							}
						},
						{
							"origin": [-8, 2, -8],
							"size": [16, 1, 16],
							"uv": {
								"north": {"uv": [62, 48], "uv_size": [16, 1]},
								"east": {"uv": [62, 49], "uv_size": [16, 1]},
								"south": {"uv": [62, 50], "uv_size": [16, 1]},
								"west": {"uv": [62, 51], "uv_size": [16, 1]},
								"up": {"uv": [16, 0], "uv_size": [16, 16]},
								"down": {"uv": [48, 48], "uv_size": [16, -16]}
							}
						},
						{
							"origin": [-8, 34, -8],
							"size": [16, 1, 16],
							"uv": {
								"north": {"uv": [62, 52], "uv_size": [16, 1]},
								"east": {"uv": [62, 53], "uv_size": [16, 1]},
								"south": {"uv": [62, 54], "uv_size": [16, 1]},
								"west": {"uv": [62, 55], "uv_size": [16, 1]},
								"up": {"uv": [60, 0], "uv_size": [16, 16]},
								"down": {"uv": [60, 32], "uv_size": [16, -16]}
							}
						},
						{
							"origin": [-8, 3, -8],
							"size": [1, 31, 16],
							"uv": {
								"north": {"uv": [30, 48], "uv_size": [1, 32]},
								"east": {"uv": [0, 0], "uv_size": [16, 32]},
								"south": {"uv": [31, 48], "uv_size": [1, 32]},
								"west": {"uv": [16, 16], "uv_size": [16, 32]},
								"up": {"uv": [4, 64], "uv_size": [1, 16]},
								"down": {"uv": [5, 80], "uv_size": [1, -16]}
							}
						},
						{
							"origin": [7, 3, -8],
							"size": [1, 31, 16],
							"uv": {
								"north": {"uv": [62, 62], "uv_size": [1, 32]},
								"east": {"uv": [0, 32], "uv_size": [16, 32]},
								"south": {"uv": [63, 63], "uv_size": [1, 32]},
								"west": {"uv": [32, 32], "uv_size": [16, 32]},
								"up": {"uv": [6, 64], "uv_size": [1, 16]},
								"down": {"uv": [7, 80], "uv_size": [1, -16]}
							}
						},
						{
							"origin": [7, 3, 9],
							"size": [1, 31, 14],
							"pivot": [8, 2, 8],
							"rotation": [0, -90, 0],
							"uv": {
								"north": {"uv": [0, 64], "uv_size": [1, 32]},
								"east": {"uv": [32, 0], "uv_size": [14, 32]},
								"south": {"uv": [1, 64], "uv_size": [1, 32]},
								"west": {"uv": [46, 0], "uv_size": [14, 32]},
								"up": {"uv": [8, 64], "uv_size": [1, 14]},
								"down": {"uv": [9, 78], "uv_size": [1, -14]}
							}
						},
						{
							"origin": [7, 3, -6],
							"size": [1, 31, 14],
							"pivot": [8, 2, -7],
							"rotation": [0, -90, 0],
							"uv": {
								"north": {"uv": [2, 64], "uv_size": [1, 32]},
								"east": {"uv": [16, 48], "uv_size": [14, 32]},
								"south": {"uv": [3, 64], "uv_size": [1, 32]},
								"west": {"uv": [48, 48], "uv_size": [14, 32]},
								"up": {"uv": [10, 64], "uv_size": [1, 14]},
								"down": {"uv": [11, 78], "uv_size": [1, -14]}
							}
						}
					]
				}
			]
		}
	]
}