{
	"format_version": "1.16.100",
	"minecraft:geometry": [
		{
			"description": {
				"identifier": "geometry.oven",
				"texture_width": 48,
				"texture_height": 48,
				"visible_bounds_width": 3,
				"visible_bounds_height": 2.5,
				"visible_bounds_offset": [0, 0.75, 0]
			},
			"bones": [
				{
					"name": "bb_main",
					"pivot": [0, 0, 0],
					"rotation": [0, 0, 0],
					"cubes": [
						{
							"origin": [-8, 0, -8],
							"size": [16, 16, 16],
							"uv": {
								"north": {"uv": [0, 0], "uv_size": [16, 16]},
								"east": {"uv": [0, 16], "uv_size": [16, 16]},
								"south": {"uv": [16, 0], "uv_size": [16, 16]},
								"west": {"uv": [16, 16], "uv_size": [16, 16]},
								"up": {"uv": [0, 32], "uv_size": [16, 16]},
								"down": {"uv": [32, 16], "uv_size": [16, -16]}
							}
						},
						{
							"origin": [5.5, 13, 8],
							"size": [1, 1, 2],
							"uv": {
								"north": {"uv": [28, 32], "uv_size": [1, 1]},
								"east": {"uv": [32, 19], "uv_size": [2, 1]},
								"south": {"uv": [29, 32], "uv_size": [1, 1]},
								"west": {"uv": [32, 20], "uv_size": [2, 1]},
								"up": {"uv": [32, 21], "uv_size": [1, 2]},
								"down": {"uv": [32, 25], "uv_size": [1, -2]}
							}
						},
						{
							"origin": [-6.5, 13, 8],
							"size": [1, 1, 2],
							"uv": {
								"north": {"uv": [32, 29], "uv_size": [1, 1]},
								"east": {"uv": [32, 25], "uv_size": [2, 1]},
								"south": {"uv": [30, 32], "uv_size": [1, 1]},
								"west": {"uv": [32, 26], "uv_size": [2, 1]},
								"up": {"uv": [27, 32], "uv_size": [1, 2]},
								"down": {"uv": [32, 29], "uv_size": [1, -2]}
							}
						},
						{
							"origin": [-5.5, 13, 9],
							"size": [11, 1, 1],
							"uv": {
								"north": {"uv": [16, 32], "uv_size": [11, 1]},
								"east": {"uv": [32, 30], "uv_size": [1, 1]},
								"south": {"uv": [32, 16], "uv_size": [11, 1]},
								"west": {"uv": [31, 32], "uv_size": [1, 1]},
								"up": {"uv": [32, 17], "uv_size": [11, 1]},
								"down": {"uv": [32, 19], "uv_size": [11, -1]}
							}
						}
					]
				}
			]
		}
	]
}