{
	"format_version": "1.16.100",
	"minecraft:geometry": [
		{
			"description": {
				"identifier": "geometry.pizza_box",
				"texture_width": 56,
				"texture_height": 56,
				"visible_bounds_width": 3,
				"visible_bounds_height": 2.5,
				"visible_bounds_offset": [0, 0.75, 0]
			},
			"bones": [
				{
					"name": "pizza_box",
					"pivot": [0, 0, 0],
					"rotation": [0, 45, 0],
					"cubes": [
						{
							"origin": [-6.5, 0, -6.5],
							"size": [13, 0.25, 12.5],
							"uv": {
								"north": {"uv": [34, 0], "uv_size": [13, 1]},
								"east": {"uv": [34, 2], "uv_size": [13, 1]},
								"south": {"uv": [34, 4], "uv_size": [13, 1]},
								"west": {"uv": [34, 6], "uv_size": [13, 1]},
								"up": {"uv": [0, 0], "uv_size": [13, 13]},
								"down": {"uv": [0, 27], "uv_size": [13, -13]}
							}
						},
						{
							"origin": [-12.5, 6, -7],
							"size": [1.5, 0.5, 13],
							"pivot": [-6.5, 6, 0],
							"rotation": [0, 0, -90],
							"uv": {
								"north": {"uv": [9, 48], "uv_size": [2, 1]},
								"east": {"uv": [34, 8], "uv_size": [13, 1]},
								"south": {"uv": [48, 0], "uv_size": [2, 1]},
								"west": {"uv": [34, 10], "uv_size": [13, 1]},
								"up": {"uv": [6, 28], "uv_size": [2, 13]},
								"down": {"uv": [9, 41], "uv_size": [2, -13]}
							}
						},
						{
							"origin": [-6.5, 6, -13.5],
							"size": [1.5, 0.5, 13],
							"pivot": [-0.5, 6, -6.5],
							"rotation": [90, 0, -90],
							"uv": {
								"north": {"uv": [48, 2], "uv_size": [2, 1]},
								"east": {"uv": [34, 12], "uv_size": [13, 1]},
								"south": {"uv": [48, 4], "uv_size": [2, 1]},
								"west": {"uv": [12, 35], "uv_size": [13, 1]},
								"up": {"uv": [28, 0], "uv_size": [2, 13]},
								"down": {"uv": [31, 13], "uv_size": [2, -13]}
							}
						},
						{
							"origin": [-7, 6, -1.5],
							"size": [1.5, 0.5, 14],
							"pivot": [-1, 6, 6.5],
							"rotation": [90, 0, -90],
							"uv": {
								"north": {"uv": [48, 10], "uv_size": [2, 1]},
								"east": {"uv": [32, 28], "uv_size": [14, 1]},
								"south": {"uv": [48, 12], "uv_size": [2, 1]},
								"west": {"uv": [32, 30], "uv_size": [14, 1]},
								"up": {"uv": [0, 28], "uv_size": [2, 14]},
								"down": {"uv": [3, 42], "uv_size": [2, -14]}
							}
						},
						{
							"origin": [0.5, 6, -8],
							"size": [1.5, 0.5, 13],
							"pivot": [6.5, 6, -1],
							"rotation": [180, 0, -90],
							"uv": {
								"north": {"uv": [48, 6], "uv_size": [2, 1]},
								"east": {"uv": [35, 35], "uv_size": [13, 1]},
								"south": {"uv": [48, 8], "uv_size": [2, 1]},
								"west": {"uv": [35, 14], "uv_size": [13, 1]},
								"up": {"uv": [32, 32], "uv_size": [2, 13]},
								"down": {"uv": [32, 27], "uv_size": [2, -13]}
							}
						},
						{
							"origin": [6.5, 1.65328, -7.4294],
							"size": [0.5, 12, 1],
							"pivot": [6.5, 2.15328, -6.9294],
							"rotation": [37.5, 0, 0],
							"uv": {
								"north": {"uv": [28, 14], "uv_size": [1, 12]},
								"east": {"uv": [30, 14], "uv_size": [1, 12]},
								"south": {"uv": [14, 37], "uv_size": [1, 12]},
								"west": {"uv": [16, 37], "uv_size": [1, 12]},
								"up": {"uv": [39, 47], "uv_size": [1, 1]},
								"down": {"uv": [48, 40], "uv_size": [1, -1]}
							}
						},
						{
							"origin": [-7, 1.65328, -7.4294],
							"size": [0.5, 12, 1],
							"pivot": [-6.5, 2.15328, -6.9294],
							"rotation": [37.5, 0, 0],
							"uv": {
								"north": {"uv": [22, 37], "uv_size": [1, 12]},
								"east": {"uv": [24, 37], "uv_size": [1, 12]},
								"south": {"uv": [35, 37], "uv_size": [1, 12]},
								"west": {"uv": [37, 37], "uv_size": [1, 12]},
								"up": {"uv": [0, 49], "uv_size": [1, 1]},
								"down": {"uv": [2, 50], "uv_size": [1, -1]}
							}
						},
						{
							"origin": [-6, 9.87681, -14.09511],
							"size": [0.5, 13, 1],
							"pivot": [-5.5, 10.87681, -13.59511],
							"rotation": [0, -37.5, 90],
							"uv": {
								"north": {"uv": [26, 35], "uv_size": [1, 13]},
								"east": {"uv": [28, 35], "uv_size": [1, 13]},
								"south": {"uv": [30, 35], "uv_size": [1, 13]},
								"west": {"uv": [12, 37], "uv_size": [1, 13]},
								"up": {"uv": [4, 49], "uv_size": [1, 1]},
								"down": {"uv": [6, 50], "uv_size": [1, -1]}
							}
						},
						{
							"origin": [-6.5, 1.65328, -7.4294],
							"size": [13, 11.5, 0.25],
							"pivot": [5.5, 2.15328, -6.9294],
							"rotation": [37.5, 0, 0],
							"uv": {
								"north": {"uv": [14, 14], "uv_size": [13, 12]},
								"east": {"uv": [18, 37], "uv_size": [1, 12]},
								"south": {"uv": [14, 0], "uv_size": [13, 12]},
								"west": {"uv": [20, 37], "uv_size": [1, 12]},
								"up": {"uv": [35, 16], "uv_size": [13, 1]},
								"down": {"uv": [35, 19], "uv_size": [13, -1]}
							}
						},
						{
							"origin": [-3.79826, 0, -4.27416],
							"size": [1, 1, 1],
							"uv": {
								"north": {"uv": [26, 49], "uv_size": [1, 1]},
								"east": {"uv": [28, 49], "uv_size": [1, 1]},
								"south": {"uv": [30, 49], "uv_size": [1, 1]},
								"west": {"uv": [39, 49], "uv_size": [1, 1]},
								"up": {"uv": [41, 49], "uv_size": [1, 1]},
								"down": {"uv": [43, 50], "uv_size": [1, -1]}
							}
						},
						{
							"origin": [-3.79826, 0, 3.15046],
							"size": [1, 1, 1],
							"uv": {
								"north": {"uv": [49, 16], "uv_size": [1, 1]},
								"east": {"uv": [49, 18], "uv_size": [1, 1]},
								"south": {"uv": [49, 34], "uv_size": [1, 1]},
								"west": {"uv": [8, 50], "uv_size": [1, 1]},
								"up": {"uv": [10, 50], "uv_size": [1, 1]},
								"down": {"uv": [14, 51], "uv_size": [1, -1]}
							}
						},
						{
							"origin": [-2.91437, 0, 4.03435],
							"size": [1, 1, 1],
							"uv": {
								"north": {"uv": [16, 50], "uv_size": [1, 1]},
								"east": {"uv": [18, 50], "uv_size": [1, 1]},
								"south": {"uv": [20, 50], "uv_size": [1, 1]},
								"west": {"uv": [22, 50], "uv_size": [1, 1]},
								"up": {"uv": [24, 50], "uv_size": [1, 1]},
								"down": {"uv": [34, 51], "uv_size": [1, -1]}
							}
						},
						{
							"origin": [2.91926, 0, 3.15046],
							"size": [1, 1, 1],
							"uv": {
								"north": {"uv": [50, 26], "uv_size": [1, 1]},
								"east": {"uv": [50, 32], "uv_size": [1, 1]},
								"south": {"uv": [50, 39], "uv_size": [1, 1]},
								"west": {"uv": [50, 41], "uv_size": [1, 1]},
								"up": {"uv": [50, 43], "uv_size": [1, 1]},
								"down": {"uv": [50, 46], "uv_size": [1, -1]}
							}
						},
						{
							"origin": [2.91926, 0, -4.27416],
							"size": [1, 1, 1],
							"uv": {
								"north": {"uv": [2, 51], "uv_size": [1, 1]},
								"east": {"uv": [4, 51], "uv_size": [1, 1]},
								"south": {"uv": [6, 51], "uv_size": [1, 1]},
								"west": {"uv": [12, 51], "uv_size": [1, 1]},
								"up": {"uv": [26, 51], "uv_size": [1, 1]},
								"down": {"uv": [28, 52], "uv_size": [1, -1]}
							}
						},
						{
							"origin": [3.80314, 0, -3.23342],
							"size": [1, 1, 6.5],
							"uv": {
								"north": {"uv": [50, 47], "uv_size": [1, 1]},
								"east": {"uv": [43, 26], "uv_size": [6, 1]},
								"south": {"uv": [0, 51], "uv_size": [1, 1]},
								"west": {"uv": [43, 32], "uv_size": [6, 1]},
								"up": {"uv": [12, 28], "uv_size": [1, 6]},
								"down": {"uv": [7, 48], "uv_size": [1, -6]}
							}
						},
						{
							"origin": [-2.84938, 0, -5.19713],
							"size": [5.85, 1, 1],
							"uv": {
								"north": {"uv": [41, 39], "uv_size": [6, 1]},
								"east": {"uv": [49, 49], "uv_size": [1, 1]},
								"south": {"uv": [0, 43], "uv_size": [6, 1]},
								"west": {"uv": [49, 14], "uv_size": [1, 1]},
								"up": {"uv": [43, 43], "uv_size": [6, 1]},
								"down": {"uv": [43, 25], "uv_size": [6, -1]}
							}
						},
						{
							"origin": [-4.74408, 0, -3.24197],
							"size": [1, 1, 6.5],
							"uv": {
								"north": {"uv": [45, 49], "uv_size": [1, 1]},
								"east": {"uv": [35, 24], "uv_size": [7, 1]},
								"south": {"uv": [47, 49], "uv_size": [1, 1]},
								"west": {"uv": [35, 26], "uv_size": [7, 1]},
								"up": {"uv": [39, 39], "uv_size": [1, 7]},
								"down": {"uv": [41, 48], "uv_size": [1, -7]}
							}
						},
						{
							"origin": [5.08486, 0, 7.45067],
							"size": [1, 1, 5],
							"pivot": [5.79341, 0.5, 4.7429],
							"rotation": [0, -90, 0],
							"uv": {
								"north": {"uv": [36, 50], "uv_size": [1, 1]},
								"east": {"uv": [47, 30], "uv_size": [5, 1]},
								"south": {"uv": [50, 24], "uv_size": [1, 1]},
								"west": {"uv": [47, 37], "uv_size": [5, 1]},
								"up": {"uv": [9, 42], "uv_size": [1, 5]},
								"down": {"uv": [32, 51], "uv_size": [1, -5]}
							}
						},
						{
							"origin": [-2.93074, 0, -4.27416],
							"size": [5.85, 1, 1],
							"uv": {
								"north": {"uv": [43, 41], "uv_size": [6, 1]},
								"east": {"uv": [30, 51], "uv_size": [1, 1]},
								"south": {"uv": [44, 20], "uv_size": [6, 1]},
								"west": {"uv": [38, 51], "uv_size": [1, 1]},
								"up": {"uv": [44, 22], "uv_size": [6, 1]},
								"down": {"uv": [0, 46], "uv_size": [6, -1]}
							}
						},
						{
							"origin": [-2.93074, 0, 3.15046],
							"size": [5.85, 1, 1],
							"uv": {
								"north": {"uv": [43, 45], "uv_size": [6, 1]},
								"east": {"uv": [40, 51], "uv_size": [1, 1]},
								"south": {"uv": [0, 47], "uv_size": [6, 1]},
								"west": {"uv": [42, 51], "uv_size": [1, 1]},
								"up": {"uv": [43, 47], "uv_size": [6, 1]},
								"down": {"uv": [47, 29], "uv_size": [6, -1]}
							}
						},
						{
							"origin": [-3.79686, 0, -3.33342],
							"size": [7.6, 1, 6.5],
							"uv": {
								"north": {"uv": [35, 20], "uv_size": [8, 1]},
								"east": {"uv": [35, 32], "uv_size": [7, 1]},
								"south": {"uv": [35, 22], "uv_size": [8, 1]},
								"west": {"uv": [39, 37], "uv_size": [7, 1]},
								"up": {"uv": [14, 27], "uv_size": [8, 7]},
								"down": {"uv": [23, 34], "uv_size": [8, -7]}
							}
						}
					]
				}
			]
		}
	]
}