{
	"format_version": "1.12.0",
	"minecraft:geometry": [
		{
			"description": {
				"identifier": "geometry.sofa",
				"texture_width": 64,
				"texture_height": 64,
				"visible_bounds_width": 3,
				"visible_bounds_height": 2.5,
				"visible_bounds_offset": [0, 0.75, 0]
			},
			"bones": [
				{
					"name": "sofa",
					"pivot": [-9, 0, 0],
					"rotation": [-180, 0, 180],
					"cubes": [
						{
							"origin": [-5, 0, -6],
							"size": [2, 2, 2],
							"uv": {
								"north": {"uv": [0, 5.6875], "uv_size": [1.25, 0.0625]},
								"east": {"uv": [0, 5.6875], "uv_size": [1.25, 0.0625]},
								"south": {"uv": [0, 5.6875], "uv_size": [1.25, 0.0625]},
								"west": {"uv": [0, 5.6875], "uv_size": [1.25, 0.0625]},
								"up": {"uv": [1.25, 5.75], "uv_size": [-1.25, -0.0625]},
								"down": {"uv": [1.25, 5.75], "uv_size": [-1.25, -0.0625]}
							}
						},
						{
							"origin": [-33, 0, -6],
							"size": [2, 2, 2],
							"uv": {
								"north": {"uv": [0, 5.6875], "uv_size": [0.96875, 0.0625]},
								"east": {"uv": [0, 5.6875], "uv_size": [0.96875, 0.0625]},
								"south": {"uv": [0, 5.6875], "uv_size": [0.96875, 0.0625]},
								"west": {"uv": [0, 5.6875], "uv_size": [0.96875, 0.0625]},
								"up": {"uv": [0.96875, 5.75], "uv_size": [-0.96875, -0.0625]},
								"down": {"uv": [0.96875, 5.75], "uv_size": [-0.96875, -0.0625]}
							}
						},
						{
							"origin": [-6, 8, -7],
							"size": [3, 9, 11],
							"uv": {
								"north": {"uv": [0, 0], "uv_size": [5, 3.40625]},
								"east": {"uv": [0, 0], "uv_size": [5, 3.40625]},
								"south": {"uv": [0, 0], "uv_size": [5, 3.40625]},
								"west": {"uv": [0, 0], "uv_size": [5, 3.40625]},
								"up": {"uv": [5, 3.40625], "uv_size": [-5, -3.40625]},
								"down": {"uv": [5, 3.40625], "uv_size": [-5, -3.40625]}
							}
						},
						{
							"origin": [-33, 8, -7],
							"size": [3, 9, 11],
							"uv": {
								"north": {"uv": [0, 0], "uv_size": [3.1875, 4.40625]},
								"east": {"uv": [0, 0], "uv_size": [3.1875, 4.40625]},
								"south": {"uv": [0, 0], "uv_size": [3.1875, 4.40625]},
								"west": {"uv": [0, 0], "uv_size": [3.1875, 4.40625]},
								"up": {"uv": [3.1875, 4.40625], "uv_size": [-3.1875, -4.40625]},
								"down": {"uv": [3.1875, 4.40625], "uv_size": [-3.1875, -4.40625]}
							}
						},
						{
							"origin": [-33, 8, 4],
							"size": [30, 16, 3],
							"uv": {
								"north": {"uv": [0, 0.75], "uv_size": [5.125, 3.875]},
								"east": {"uv": [3.625, 0.75], "uv_size": [1.5, 3.1875]},
								"south": {"uv": [0, 0.75], "uv_size": [5.125, 3.875]},
								"west": {"uv": [3.59375, 0.75], "uv_size": [1.53125, 3.59375]},
								"up": {"uv": [4.78125, 1.15625], "uv_size": [-3.25, -0.6875]},
								"down": {"uv": [5.125, 1.15625], "uv_size": [-3.5625, -0.40625]}
							}
						},
						{
							"origin": [-33, 2, -7],
							"size": [30, 6, 14],
							"uv": {
								"north": {"uv": [0, 1.9375], "uv_size": [5.625, 2.34375]},
								"east": {"uv": [0, 1.9375], "uv_size": [5.625, 2.34375]},
								"south": {"uv": [0, 1.9375], "uv_size": [5.625, 2.34375]},
								"west": {"uv": [0, 1.9375], "uv_size": [5.625, 2.34375]},
								"up": {"uv": [5.625, 4.28125], "uv_size": [-5.625, -2.34375]},
								"down": {"uv": [5.625, 4.28125], "uv_size": [-5.625, -2.34375]}
							}
						},
						{
							"origin": [-5, 0, 4],
							"size": [2, 2, 2],
							"uv": {
								"north": {"uv": [0.125, 5.6875], "uv_size": [1.09375, -0.03125]},
								"east": {"uv": [0.125, 5.6875], "uv_size": [1.09375, -0.03125]},
								"south": {"uv": [0.125, 5.6875], "uv_size": [1.09375, -0.03125]},
								"west": {"uv": [0.125, 5.6875], "uv_size": [1.09375, -0.03125]},
								"up": {"uv": [1.21875, 5.65625], "uv_size": [-1.09375, 0.03125]},
								"down": {"uv": [1.21875, 5.65625], "uv_size": [-1.09375, 0.03125]}
							}
						},
						{
							"origin": [-33, 0, 4],
							"size": [2, 2, 2],
							"uv": {
								"north": {"uv": [0, 5.65625], "uv_size": [1.1875, 0.0625]},
								"east": {"uv": [0, 5.65625], "uv_size": [1.1875, 0.0625]},
								"south": {"uv": [0, 5.65625], "uv_size": [1.1875, 0.0625]},
								"west": {"uv": [0, 5.65625], "uv_size": [1.1875, 0.0625]},
								"up": {"uv": [1.1875, 5.71875], "uv_size": [-1.1875, -0.0625]},
								"down": {"uv": [1.1875, 5.71875], "uv_size": [-1.1875, -0.0625]}
							}
						}
					]
				}
			]
		}
	]
}