{
	"format_version": "1.16.100",
	"minecraft:geometry": [
		{
			"description": {
				"identifier": "geometry.stove",
				"texture_width": 32,
				"texture_height": 32,
				"visible_bounds_width": 2,
				"visible_bounds_height": 1.5,
				"visible_bounds_offset": [0, 0.25, 0]
			},
			"bones": [
				{
					"name": "stove",
					"pivot": [0, 0, 0],
					"cubes": [
						{
							"origin": [-7, 0, -7],
							"size": [14, 0.5, 14],
							"uv": {
								"north": {"uv": [14, 0], "uv_size": [14, 0.5]},
								"east": {"uv": [14, 1], "uv_size": [14, 0.5]},
								"south": {"uv": [14, 2], "uv_size": [14, 0.5]},
								"west": {"uv": [14, 3], "uv_size": [14, 0.5]},
								"up": {"uv": [0, 0], "uv_size": [14, 14]},
								"down": {"uv": [0, 28], "uv_size": [14, -14]}
							}
						},
						{
							"origin": [-6, 0, 5],
							"size": [1, 1, 1],
							"uv": {
								"north": {"uv": [14, 4], "uv_size": [1, 1]},
								"east": {"uv": [14, 5], "uv_size": [1, 1]},
								"south": {"uv": [14, 6], "uv_size": [1, 1]},
								"west": {"uv": [14, 7], "uv_size": [1, 1]},
								"up": {"uv": [14, 8], "uv_size": [1, 1]},
								"down": {"uv": [14, 10], "uv_size": [1, -1]}
							}
						},
						{
							"origin": [-3, 0, 5],
							"size": [1, 1, 1],
							"uv": {
								"north": {"uv": [14, 10], "uv_size": [1, 1]},
								"east": {"uv": [14, 11], "uv_size": [1, 1]},
								"south": {"uv": [14, 12], "uv_size": [1, 1]},
								"west": {"uv": [14, 13], "uv_size": [1, 1]},
								"up": {"uv": [14, 14], "uv_size": [1, 1]},
								"down": {"uv": [15, 5], "uv_size": [1, -1]}
							}
						},
						{
							"origin": [2, 0, 5],
							"size": [1, 1, 1],
							"uv": {
								"north": {"uv": [15, 5], "uv_size": [1, 1]},
								"east": {"uv": [15, 6], "uv_size": [1, 1]},
								"south": {"uv": [15, 7], "uv_size": [1, 1]},
								"west": {"uv": [15, 8], "uv_size": [1, 1]},
								"up": {"uv": [15, 9], "uv_size": [1, 1]},
								"down": {"uv": [15, 11], "uv_size": [1, -1]}
							}
						},
						{
							"origin": [-0.5, 0, 5],
							"size": [1, 1, 1],
							"uv": {
								"north": {"uv": [16, 4], "uv_size": [1, 1]},
								"east": {"uv": [16, 5], "uv_size": [1, 1]},
								"south": {"uv": [16, 6], "uv_size": [1, 1]},
								"west": {"uv": [16, 7], "uv_size": [1, 1]},
								"up": {"uv": [16, 8], "uv_size": [1, 1]},
								"down": {"uv": [16, 10], "uv_size": [1, -1]}
							}
						},
						{
							"origin": [5, 0, 5],
							"size": [1, 1, 1],
							"uv": {
								"north": {"uv": [15, 11], "uv_size": [1, 1]},
								"east": {"uv": [15, 12], "uv_size": [1, 1]},
								"south": {"uv": [15, 13], "uv_size": [1, 1]},
								"west": {"uv": [14, 15], "uv_size": [1, 1]},
								"up": {"uv": [15, 14], "uv_size": [1, 1]},
								"down": {"uv": [15, 16], "uv_size": [1, -1]}
							}
						}
					]
				}
			]
		}
	]
}