{
	"format_version": "1.16.100",
	"minecraft:geometry": [
		{
			"description": {
				"identifier": "geometry.cutting_board",
				"texture_width": 32,
				"texture_height": 32,
				"visible_bounds_width": 2,
				"visible_bounds_height": 1.5,
				"visible_bounds_offset": [0, 0.25, 0]
			},
			"bones": [
				{
					"name": "bb_main",
					"pivot": [0, 0, 0],
					"rotation": [-180, 0, 180],
					"cubes": [
						{
							"origin": [-7, 0, -7],
							"size": [14, 1, 14],
							"uv": {
								"north": {"uv": [14, 0], "uv_size": [14, 1]},
								"east": {"uv": [14, 1], "uv_size": [14, 1]},
								"south": {"uv": [14, 2], "uv_size": [14, 1]},
								"west": {"uv": [14, 3], "uv_size": [14, 1]},
								"up": {"uv": [0, 0], "uv_size": [14, 14]},
								"down": {"uv": [0, 28], "uv_size": [14, -14]}
							}
						},
						{
							"origin": [-6, 1, -1.7],
							"size": [3, 1, 4],
							"uv": {
								"north": {"uv": [17, 11], "uv_size": [3, 1]},
								"east": {"uv": [14, 16], "uv_size": [4, 1]},
								"south": {"uv": [14, 17], "uv_size": [3, 1]},
								"west": {"uv": [17, 4], "uv_size": [4, 1]},
								"up": {"uv": [14, 4], "uv_size": [3, 4]},
								"down": {"uv": [14, 12], "uv_size": [3, -4]}
							}
						},
						{
							"origin": [-6, 1, -5.7],
							"size": [2, 1, 4],
							"uv": {
								"north": {"uv": [15, 18], "uv_size": [2, 1]},
								"east": {"uv": [17, 5], "uv_size": [4, 1]},
								"south": {"uv": [18, 16], "uv_size": [2, 1]},
								"west": {"uv": [17, 6], "uv_size": [4, 1]},
								"up": {"uv": [14, 12], "uv_size": [2, 4]},
								"down": {"uv": [16, 16], "uv_size": [2, -4]}
							}
						},
						{
							"origin": [-6, 1, 2.3],
							"size": [2, 1, 2],
							"uv": {
								"north": {"uv": [17, 18], "uv_size": [2, 1]},
								"east": {"uv": [19, 7], "uv_size": [2, 1]},
								"south": {"uv": [19, 8], "uv_size": [2, 1]},
								"west": {"uv": [19, 9], "uv_size": [2, 1]},
								"up": {"uv": [17, 7], "uv_size": [2, 2]},
								"down": {"uv": [17, 11], "uv_size": [2, -2]}
							}
						},
						{
							"origin": [-6, 1, 4.3],
							"size": [1.7, 1, 0.7],
							"uv": {
								"north": {"uv": [19, 10], "uv_size": [2, 1]},
								"east": {"uv": [19, 15], "uv_size": [1, 1]},
								"south": {"uv": [19, 13], "uv_size": [2, 1]},
								"west": {"uv": [17, 19], "uv_size": [1, 1]},
								"up": {"uv": [19, 14], "uv_size": [2, 1]},
								"down": {"uv": [15, 20], "uv_size": [2, -1]}
							}
						},
						{
							"origin": [-2.82584, 1, 3.00369],
							"size": [1, 1, 3],
							"pivot": [-0.82584, 0.1, 0.00369],
							"rotation": [0, -25, 0],
							"uv": {
								"north": {"uv": [18, 19], "uv_size": [1, 1]},
								"east": {"uv": [17, 17], "uv_size": [3, 1]},
								"south": {"uv": [19, 18], "uv_size": [1, 1]},
								"west": {"uv": [18, 12], "uv_size": [3, 1]},
								"up": {"uv": [18, 13], "uv_size": [1, 3]},
								"down": {"uv": [14, 21], "uv_size": [1, -3]}
							}
						}
					]
				}
			]
		}
	]
}