{
	"format_version": "1.16.100",
	"minecraft:geometry": [
		{
			"description": {
				"identifier": "geometry.indoor_security_cam",
				"texture_width": 128,
				"texture_height": 128,
				"visible_bounds_width": 2,
				"visible_bounds_height": 2.5,
				"visible_bounds_offset": [0, 0.75, 0]
			},
			"bones": [
				{
					"name": "indoorcam",
					"pivot": [0, 0, 0],
					"cubes": [
						{
							"origin": [-2.25, 0, -2.25],
							"size": [4.5, 0.25, 4.5],
							"uv": {
								"north": {"uv": [16, 48], "uv_size": [18, 1]},
								"east": {"uv": [36, 48], "uv_size": [18, 1]},
								"south": {"uv": [52, 0], "uv_size": [18, 1]},
								"west": {"uv": [52, 4], "uv_size": [18, 1]},
								"up": {"uv": [0, 0], "uv_size": [18, 18]},
								"down": {"uv": [0, 38], "uv_size": [18, -18]}
							}
						},
						{
							"origin": [-0.5, 0, -0.5],
							"size": [1, 5, 1],
							"uv": {
								"north": {"uv": [0, 40], "uv_size": [4, 20]},
								"east": {"uv": [4, 40], "uv_size": [4, 20]},
								"south": {"uv": [8, 40], "uv_size": [4, 20]},
								"west": {"uv": [12, 40], "uv_size": [4, 20]},
								"up": {"uv": [16, 40], "uv_size": [4, 4]},
								"down": {"uv": [16, 48], "uv_size": [4, -4]}
							}
						},
						{
							"origin": [-1.75, 5, -1.75],
							"size": [3.5, 3.5, 3.5],
							"uv": {
								"north": {"uv": [20, 0], "uv_size": [14, 14]},
								"east": {"uv": [20, 16], "uv_size": [14, 14]},
								"south": {"uv": [20, 32], "uv_size": [14, 14]},
								"west": {"uv": [36, 0], "uv_size": [14, 14]},
								"up": {"uv": [36, 16], "uv_size": [14, 14]},
								"down": {"uv": [36, 46], "uv_size": [14, -14]}
							}
						}
					]
				}
			]
		}
	]
}