{
	"format_version": "1.16.100",
	"minecraft:geometry": [
		{
			"description": {
				"identifier": "geometry.ipad_pro",
				"texture_width": 32,
				"texture_height": 32,
				"visible_bounds_width": 2,
				"visible_bounds_height": 1.5,
				"visible_bounds_offset": [0, 0.25, 0]
			},
			"bones": [
				{
					"name": "ipad",
					"pivot": [0, 0, 0],
					"cubes": [
						{
							"origin": [-6, 0, -5],
							"size": [12, 1, 10],
							"uv": {
								"north": {"uv": [12, 12], "uv_size": [12, 1]},
								"east": {"uv": [12, 9], "uv_size": [10, 1]},
								"south": {"uv": [12, 0], "uv_size": [12, 1]},
								"west": {"uv": [12, 10], "uv_size": [10, 1]},
								"up": {"uv": [0, 0], "uv_size": [12, 10]},
								"down": {"uv": [0, 20], "uv_size": [12, -10]}
							}
						},
						{
							"origin": [-5.26777, 0, -5.16066],
							"size": [0.5, 1, 0.5],
							"pivot": [-5.35355, 1, -6.16066],
							"rotation": [0, -45, 0],
							"uv": {
								"north": {"uv": [0, 20], "uv_size": [1, 1]},
								"east": {"uv": [1, 20], "uv_size": [1, 1]},
								"south": {"uv": [2, 20], "uv_size": [1, 1]},
								"west": {"uv": [3, 20], "uv_size": [1, 1]},
								"up": {"uv": [4, 20], "uv_size": [1, 1]},
								"down": {"uv": [5, 21], "uv_size": [1, -1]}
							}
						},
						{
							"origin": [6.73223, 0, -5.16066],
							"size": [0.5, 1, 0.5],
							"pivot": [6.64645, 1, -6.16066],
							"rotation": [0, -45, 0],
							"uv": {
								"north": {"uv": [10, 20], "uv_size": [1, 1]},
								"east": {"uv": [11, 20], "uv_size": [1, 1]},
								"south": {"uv": [12, 20], "uv_size": [1, 1]},
								"west": {"uv": [13, 20], "uv_size": [1, 1]},
								"up": {"uv": [14, 20], "uv_size": [1, 1]},
								"down": {"uv": [15, 21], "uv_size": [1, -1]}
							}
						},
						{
							"origin": [6.73223, 0, 4.73934],
							"size": [0.5, 1, 0.5],
							"pivot": [6.64645, 1, 3.73934],
							"rotation": [0, -45, 0],
							"uv": {
								"north": {"uv": [18, 20], "uv_size": [1, 1]},
								"east": {"uv": [19, 20], "uv_size": [1, 1]},
								"south": {"uv": [20, 20], "uv_size": [1, 1]},
								"west": {"uv": [0, 21], "uv_size": [1, 1]},
								"up": {"uv": [1, 21], "uv_size": [1, 1]},
								"down": {"uv": [2, 22], "uv_size": [1, -1]}
							}
						},
						{
							"origin": [-5.26777, 0, 4.73934],
							"size": [0.5, 1, 0.5],
							"pivot": [-5.35355, 1, 3.73934],
							"rotation": [0, -45, 0],
							"uv": {
								"north": {"uv": [5, 21], "uv_size": [1, 1]},
								"east": {"uv": [6, 21], "uv_size": [1, 1]},
								"south": {"uv": [7, 21], "uv_size": [1, 1]},
								"west": {"uv": [8, 21], "uv_size": [1, 1]},
								"up": {"uv": [9, 21], "uv_size": [1, 1]},
								"down": {"uv": [10, 22], "uv_size": [1, -1]}
							}
						},
						{
							"origin": [-6, 0, -5.39289],
							"size": [12, 1, 0.5],
							"uv": {
								"north": {"uv": [12, 1], "uv_size": [12, 1]},
								"east": {"uv": [6, 20], "uv_size": [1, 1]},
								"south": {"uv": [12, 2], "uv_size": [12, 1]},
								"west": {"uv": [7, 20], "uv_size": [1, 1]},
								"up": {"uv": [12, 3], "uv_size": [12, 1]},
								"down": {"uv": [12, 5], "uv_size": [12, -1]}
							}
						},
						{
							"origin": [-6, 0, 4.71421],
							"size": [12, 1, 0.5],
							"uv": {
								"north": {"uv": [12, 5], "uv_size": [12, 1]},
								"east": {"uv": [3, 21], "uv_size": [1, 1]},
								"south": {"uv": [12, 6], "uv_size": [12, 1]},
								"west": {"uv": [4, 21], "uv_size": [1, 1]},
								"up": {"uv": [12, 7], "uv_size": [12, 1]},
								"down": {"uv": [12, 9], "uv_size": [12, -1]}
							}
						},
						{
							"origin": [-11.45355, 0, 0.56066],
							"size": [9.9, 1, 0.5],
							"pivot": [-5.85355, 0, 0.56066],
							"rotation": [0, -90, 0],
							"uv": {
								"north": {"uv": [12, 11], "uv_size": [10, 1]},
								"east": {"uv": [8, 20], "uv_size": [1, 1]},
								"south": {"uv": [12, 13], "uv_size": [10, 1]},
								"west": {"uv": [9, 20], "uv_size": [1, 1]},
								"up": {"uv": [12, 14], "uv_size": [10, 1]},
								"down": {"uv": [12, 16], "uv_size": [10, -1]}
							}
						},
						{
							"origin": [0.35355, 0, 0.96066],
							"size": [9.9, 1, 0.5],
							"pivot": [6.35355, 0, 0.96066],
							"rotation": [0, -90, 0],
							"uv": {
								"north": {"uv": [12, 16], "uv_size": [10, 1]},
								"east": {"uv": [16, 20], "uv_size": [1, 1]},
								"south": {"uv": [12, 17], "uv_size": [10, 1]},
								"west": {"uv": [17, 20], "uv_size": [1, 1]},
								"up": {"uv": [12, 18], "uv_size": [10, 1]},
								"down": {"uv": [12, 20], "uv_size": [10, -1]}
							}
						},
						{
							"origin": [4.9, 1, -0.25],
							"size": [0.75, 0.1, 0.75],
							"uv": {
								"north": {"uv": [11, 21], "uv_size": [1, 1]},
								"east": {"uv": [12, 21], "uv_size": [1, 1]},
								"south": {"uv": [13, 21], "uv_size": [1, 1]},
								"west": {"uv": [14, 21], "uv_size": [1, 1]},
								"up": {"uv": [15, 21], "uv_size": [1, 1]},
								"down": {"uv": [16, 22], "uv_size": [1, -1]}
							}
						},
						{
							"origin": [-4.5, 0.3, 5.2],
							"size": [1, 0.3, 0.1],
							"uv": {
								"north": {"uv": [17, 21], "uv_size": [1, 1]},
								"east": {"uv": [18, 21], "uv_size": [1, 1]},
								"south": {"uv": [19, 21], "uv_size": [1, 1]},
								"west": {"uv": [20, 21], "uv_size": [1, 1]},
								"up": {"uv": [21, 21], "uv_size": [1, 1]},
								"down": {"uv": [21, 21], "uv_size": [1, -1]}
							}
						},
						{
							"origin": [-3.2, 0.3, 5.2],
							"size": [1, 0.3, 0.1],
							"uv": {
								"north": {"uv": [0, 22], "uv_size": [1, 1]},
								"east": {"uv": [1, 22], "uv_size": [1, 1]},
								"south": {"uv": [2, 22], "uv_size": [1, 1]},
								"west": {"uv": [3, 22], "uv_size": [1, 1]},
								"up": {"uv": [4, 22], "uv_size": [1, 1]},
								"down": {"uv": [5, 23], "uv_size": [1, -1]}
							}
						},
						{
							"origin": [-7.35, 0.3, 4.45],
							"size": [1, 0.3, 0.1],
							"pivot": [-6.4, 0.3, 4.5],
							"rotation": [0, -90, 0],
							"uv": {
								"north": {"uv": [6, 22], "uv_size": [1, 1]},
								"east": {"uv": [7, 22], "uv_size": [1, 1]},
								"south": {"uv": [8, 22], "uv_size": [1, 1]},
								"west": {"uv": [9, 22], "uv_size": [1, 1]},
								"up": {"uv": [10, 22], "uv_size": [1, 1]},
								"down": {"uv": [11, 23], "uv_size": [1, -1]}
							}
						}
					]
				}
			]
		}
	]
}