{
	"format_version": "1.12.0",
	"minecraft:geometry": [
		{
			"description": {
				"identifier": "geometry.lamp",
				"texture_width": 16,
				"texture_height": 16,
				"visible_bounds_width": 2,
				"visible_bounds_height": 3.5,
				"visible_bounds_offset": [0, 1.25, 0]
			},
			"bones": [
				{
					"name": "lamp",
					"pivot": [0, 0, 0],
					"cubes": [
						{
							"origin": [-3, 2, -3],
							"size": [6, 0.25, 6],
							"uv": {
								"north": {"uv": [16, 16], "uv_size": [-16, -16]},
								"east": {"uv": [16, 16], "uv_size": [-16, -16]},
								"south": {"uv": [16, 16], "uv_size": [-16, -16]},
								"west": {"uv": [16, 16], "uv_size": [-16, -16]},
								"up": {"uv": [0, 0], "uv_size": [16, 16]},
								"down": {"uv": [0, 0], "uv_size": [16, 16]}
							}
						},
						{
							"origin": [-0.5, 2, -0.5],
							"size": [1, 28, 1],
							"uv": {
								"north": {"uv": [15, 0], "uv_size": [1, 32]},
								"east": {"uv": [15, 0], "uv_size": [1, 32]},
								"south": {"uv": [15, 0], "uv_size": [1, 32]},
								"west": {"uv": [15, 0], "uv_size": [1, 32]},
								"up": {"uv": [16, 32], "uv_size": [-1, -32]},
								"down": {"uv": [16, 32], "uv_size": [-1, -32]}
							}
						},
						{
							"origin": [-4.5, 25, -0.5],
							"size": [4, 1, 1],
							"uv": {
								"north": {"uv": [27, 24], "uv_size": [4, 1]},
								"east": {"uv": [2, 30], "uv_size": [1, 1]},
								"south": {"uv": [27, 25], "uv_size": [4, 1]},
								"west": {"uv": [3, 30], "uv_size": [1, 1]},
								"up": {"uv": [27, 26], "uv_size": [4, 1]},
								"down": {"uv": [27, 28], "uv_size": [4, -1]}
							}
						},
						{
							"origin": [-4.5, 25, -1.5],
							"size": [4, 1, 1],
							"pivot": [-0.5, 0, -0.5],
							"rotation": [0, -90, 0],
							"uv": {
								"north": {"uv": [28, 6], "uv_size": [4, 1]},
								"east": {"uv": [8, 30], "uv_size": [1, 1]},
								"south": {"uv": [28, 7], "uv_size": [4, 1]},
								"west": {"uv": [9, 30], "uv_size": [1, 1]},
								"up": {"uv": [8, 28], "uv_size": [4, 1]},
								"down": {"uv": [28, 9], "uv_size": [4, -1]}
							}
						},
						{
							"origin": [0.5, 25, -1.5],
							"size": [4, 1, 1],
							"pivot": [-0.5, 0, -0.5],
							"rotation": [0, -90, 0],
							"uv": {
								"north": {"uv": [28, 3], "uv_size": [4, 1]},
								"east": {"uv": [6, 30], "uv_size": [1, 1]},
								"south": {"uv": [4, 28], "uv_size": [4, 1]},
								"west": {"uv": [7, 30], "uv_size": [1, 1]},
								"up": {"uv": [28, 4], "uv_size": [4, 1]},
								"down": {"uv": [28, 6], "uv_size": [4, -1]}
							}
						},
						{
							"origin": [0.5, 25, -0.5],
							"size": [4, 1, 1],
							"uv": {
								"north": {"uv": [0, 28], "uv_size": [4, 1]},
								"east": {"uv": [4, 30], "uv_size": [1, 1]},
								"south": {"uv": [28, 0], "uv_size": [4, 1]},
								"west": {"uv": [5, 30], "uv_size": [1, 1]},
								"up": {"uv": [28, 1], "uv_size": [4, 1]},
								"down": {"uv": [28, 3], "uv_size": [4, -1]}
							}
						},
						{
							"origin": [-4.5, 29, -1.5],
							"size": [4, 1, 1],
							"pivot": [-0.5, 6, -0.5],
							"rotation": [0, -90, 0],
							"uv": {
								"north": {"uv": [27, 28], "uv_size": [4, 1]},
								"east": {"uv": [3, 31], "uv_size": [1, 1]},
								"south": {"uv": [0, 29], "uv_size": [4, 1]},
								"west": {"uv": [4, 31], "uv_size": [1, 1]},
								"up": {"uv": [4, 29], "uv_size": [4, 1]},
								"down": {"uv": [8, 30], "uv_size": [4, -1]}
							}
						},
						{
							"origin": [0.5, 29, -0.5],
							"size": [4, 1, 1],
							"uv": {
								"north": {"uv": [28, 21], "uv_size": [4, 1]},
								"east": {"uv": [1, 31], "uv_size": [1, 1]},
								"south": {"uv": [28, 22], "uv_size": [4, 1]},
								"west": {"uv": [2, 31], "uv_size": [1, 1]},
								"up": {"uv": [23, 28], "uv_size": [4, 1]},
								"down": {"uv": [28, 24], "uv_size": [4, -1]}
							}
						},
						{
							"origin": [0.5, 29, -1.5],
							"size": [4, 1, 1],
							"pivot": [-0.5, 6, -0.5],
							"rotation": [0, -90, 0],
							"uv": {
								"north": {"uv": [28, 13], "uv_size": [4, 1]},
								"east": {"uv": [30, 29], "uv_size": [1, 1]},
								"south": {"uv": [28, 18], "uv_size": [4, 1]},
								"west": {"uv": [30, 30], "uv_size": [1, 1]},
								"up": {"uv": [28, 19], "uv_size": [4, 1]},
								"down": {"uv": [28, 21], "uv_size": [4, -1]}
							}
						},
						{
							"origin": [-4.5, 29, -0.5],
							"size": [4, 1, 1],
							"uv": {
								"north": {"uv": [28, 9], "uv_size": [4, 1]},
								"east": {"uv": [10, 30], "uv_size": [1, 1]},
								"south": {"uv": [28, 10], "uv_size": [4, 1]},
								"west": {"uv": [11, 30], "uv_size": [1, 1]},
								"up": {"uv": [28, 11], "uv_size": [4, 1]},
								"down": {"uv": [28, 13], "uv_size": [4, -1]}
							}
						},
						{
							"origin": [-2.05, 23, 0.2],
							"size": [1, 7, 5.6],
							"pivot": [5, 25.5, -2],
							"rotation": [0, -45, 0],
							"uv": {
								"north": {"uv": [22, 33], "uv_size": [-1, -6]},
								"east": {"uv": [11, 8], "uv_size": [-11, -8]},
								"south": {"uv": [22, 33], "uv_size": [-1, -6]},
								"west": {"uv": [22, 33], "uv_size": [-1, -6]},
								"up": {"uv": [21, 27], "uv_size": [1, 6]},
								"down": {"uv": [21, 27], "uv_size": [1, 6]}
							}
						},
						{
							"origin": [6.8, 23, 0.1],
							"size": [1, 7, 5.6],
							"pivot": [5, 25.5, -2],
							"rotation": [0, -45, 0],
							"uv": {
								"north": {"uv": [10, 8], "uv_size": [-9, -6]},
								"east": {"uv": [10, 8], "uv_size": [-9, -6]},
								"south": {"uv": [10, 8], "uv_size": [-9, -6]},
								"west": {"uv": [10, 8], "uv_size": [-9, -6]},
								"up": {"uv": [1, 2], "uv_size": [9, 6]},
								"down": {"uv": [1, 2], "uv_size": [9, 6]}
							}
						},
						{
							"origin": [-4.9, 23, -6.9],
							"size": [1, 7, 5.6],
							"pivot": [5, 25.5, -2],
							"rotation": [0, 45, 0],
							"uv": {
								"north": {"uv": [16, 33], "uv_size": [-1, -6]},
								"east": {"uv": [9, 8], "uv_size": [-9, -8]},
								"south": {"uv": [16, 33], "uv_size": [-1, -6]},
								"west": {"uv": [16, 33], "uv_size": [-1, -6]},
								"up": {"uv": [15, 27], "uv_size": [1, 6]},
								"down": {"uv": [15, 27], "uv_size": [1, 6]}
							}
						},
						{
							"origin": [4, 23, -6.9],
							"size": [1, 7, 5.6],
							"pivot": [5, 25.5, -2],
							"rotation": [0, 45, 0],
							"uv": {
								"north": {"uv": [14, 33], "uv_size": [-1, -6]},
								"east": {"uv": [14, 33], "uv_size": [-1, -6]},
								"south": {"uv": [14, 33], "uv_size": [-1, -6]},
								"west": {"uv": [11, 10], "uv_size": [-11, -8]},
								"up": {"uv": [13, 27], "uv_size": [1, 6]},
								"down": {"uv": [13, 27], "uv_size": [1, 6]}
							}
						},
						{
							"origin": [9.5, 23, -6.5],
							"size": [1, 7, 3],
							"pivot": [0, 25.5, -5],
							"rotation": [0, -90, 0],
							"uv": {
								"north": {"uv": [5, 4], "uv_size": [6, 8]},
								"east": {"uv": [5, 4], "uv_size": [6, 8]},
								"south": {"uv": [5, 4], "uv_size": [6, 8]},
								"west": {"uv": [5, 4], "uv_size": [6, 8]},
								"up": {"uv": [11, 12], "uv_size": [-6, -8]},
								"down": {"uv": [11, 12], "uv_size": [-6, -8]}
							}
						},
						{
							"origin": [-0.5, 23, -6.5],
							"size": [1, 7, 3],
							"pivot": [0, 25.5, -5],
							"rotation": [0, -90, 0],
							"uv": {
								"north": {"uv": [5, 4], "uv_size": [6, 8]},
								"east": {"uv": [5, 4], "uv_size": [6, 8]},
								"south": {"uv": [5, 4], "uv_size": [6, 8]},
								"west": {"uv": [5, 4], "uv_size": [6, 8]},
								"up": {"uv": [11, 12], "uv_size": [-6, -8]},
								"down": {"uv": [11, 12], "uv_size": [-6, -8]}
							}
						},
						{
							"origin": [-5.5, 23, -1.5],
							"size": [1, 7, 3],
							"uv": {
								"north": {"uv": [24, 14], "uv_size": [1, 7]},
								"east": {"uv": [4, 4], "uv_size": [3, 7]},
								"south": {"uv": [24, 21], "uv_size": [1, 7]},
								"west": {"uv": [6, 21], "uv_size": [3, 7]},
								"up": {"uv": [25, 29], "uv_size": [1, 3]},
								"down": {"uv": [26, 32], "uv_size": [1, -3]}
							}
						},
						{
							"origin": [4.5, 23, -1.5],
							"size": [1, 7, 3],
							"uv": {
								"north": {"uv": [3, 2], "uv_size": [6, 7]},
								"east": {"uv": [3, 2], "uv_size": [6, 7]},
								"south": {"uv": [3, 2], "uv_size": [6, 7]},
								"west": {"uv": [3, 2], "uv_size": [6, 7]},
								"up": {"uv": [9, 9], "uv_size": [-6, -7]},
								"down": {"uv": [9, 9], "uv_size": [-6, -7]}
							}
						}
					]
				}
			]
		}
	]
}