{
	"format_version": "1.12.0",
	"minecraft:geometry": [
		{
			"description": {
				"identifier": "geometry.metal_detector",
				"texture_width": 128,
				"texture_height": 128,
				"visible_bounds_width": 3,
				"visible_bounds_height": 3.5,
				"visible_bounds_offset": [0, 1.25, 0]
			},
			"bones": [
				{
					"name": "detector",
					"pivot": [0, 0, 0],
					"cubes": [
						{
							"origin": [-9, 0, -6.6],
							"size": [2, 30, 13],
							"uv": {
								"north": {"uv": [10, 10], "uv_size": [12, 110]},
								"east": {"uv": [26, 9], "uv_size": [91, 111]},
								"south": {"uv": [12, 117], "uv_size": [11, -90]},
								"west": {"uv": [24, 9], "uv_size": [93, 111]},
								"up": {"uv": [117, 120], "uv_size": [-106, -111]},
								"down": {"uv": [117, 120], "uv_size": [-106, -111]}
							}
						},
						{
							"origin": [7, 0, -6.6],
							"size": [2, 30, 13],
							"uv": {
								"north": {"uv": [10, 9], "uv_size": [12, 110]},
								"east": {"uv": [24, 9], "uv_size": [95, 110]},
								"south": {"uv": [9, 117], "uv_size": [12, -90]},
								"west": {"uv": [24, 9], "uv_size": [95, 110]},
								"up": {"uv": [119, 119], "uv_size": [-110, -110]},
								"down": {"uv": [119, 119], "uv_size": [-110, -110]}
							}
						},
						{
							"origin": [-9.3, 0, -6.9],
							"size": [2.6, 2, 13.7],
							"uv": {
								"north": {"uv": [116, 121], "uv_size": [12, 7]},
								"east": {"uv": [116, 121], "uv_size": [12, 7]},
								"south": {"uv": [116, 121], "uv_size": [12, 7]},
								"west": {"uv": [116, 121], "uv_size": [12, 7]},
								"up": {"uv": [128, 128], "uv_size": [-12, -7]},
								"down": {"uv": [128, 128], "uv_size": [-12, -7]}
							}
						},
						{
							"origin": [6.7, 0, -6.9],
							"size": [2.6, 2, 13.7],
							"uv": {
								"north": {"uv": [115, 121], "uv_size": [13, 7]},
								"east": {"uv": [115, 121], "uv_size": [13, 7]},
								"south": {"uv": [115, 121], "uv_size": [13, 7]},
								"west": {"uv": [115, 121], "uv_size": [13, 7]},
								"up": {"uv": [128, 128], "uv_size": [-13, -7]},
								"down": {"uv": [128, 128], "uv_size": [-13, -7]}
							}
						},
						{
							"origin": [-9, 30, -6.6],
							"size": [18, 4, 13],
							"uv": {
								"north": {"uv": [73, 60], "uv_size": [18, 54]},
								"east": {"uv": [30, 60], "uv_size": [13, 53]},
								"south": {"uv": [94, 60], "uv_size": [18, 55]},
								"west": {"uv": [61, 60], "uv_size": [13, 51]},
								"up": {"uv": [23, 28], "uv_size": [79, 32]},
								"down": {"uv": [61, 60], "uv_size": [18, -13]}
							}
						}
					]
				}
			]
		}
	]
}