{
	"format_version": "1.16.100",
	"minecraft:geometry": [
		{
			"description": {
				"identifier": "geometry.router",
				"texture_width": 128,
				"texture_height": 128,
				"visible_bounds_width": 2,
				"visible_bounds_height": 1.5,
				"visible_bounds_offset": [0, 0.25, 0]
			},
			"bones": [
				{
					"name": "router",
					"pivot": [0.00625, 1.39375, -1.18125],
					"cubes": [
						{
							"origin": [-4, 0.4, -3],
							"size": [8, 1, 6],
							"pivot": [0, 0, 0],
							"rotation": [-7.5, 0, 0],
							"uv": {
								"north": {"uv": [32, 0], "uv_size": [32, 4]},
								"east": {"uv": [32, 24], "uv_size": [24, 4]},
								"south": {"uv": [32, 4], "uv_size": [32, 4]},
								"west": {"uv": [32, 28], "uv_size": [24, 4]},
								"up": {"uv": [0, 0], "uv_size": [32, 24]},
								"down": {"uv": [0, 48], "uv_size": [32, -24]}
							}
						},
						{
							"origin": [-4, 0, -2.9],
							"size": [8, 1, 1],
							"uv": {
								"north": {"uv": [32, 8], "uv_size": [32, 4]},
								"east": {"uv": [48, 48], "uv_size": [4, 4]},
								"south": {"uv": [32, 12], "uv_size": [32, 4]},
								"west": {"uv": [52, 32], "uv_size": [4, 4]},
								"up": {"uv": [32, 16], "uv_size": [32, 4]},
								"down": {"uv": [32, 24], "uv_size": [32, -4]}
							}
						},
						{
							"origin": [-4, 0, -2],
							"size": [1, 1, 5],
							"uv": {
								"north": {"uv": [52, 36], "uv_size": [4, 4]},
								"east": {"uv": [32, 32], "uv_size": [20, 4]},
								"south": {"uv": [48, 52], "uv_size": [4, 4]},
								"west": {"uv": [32, 36], "uv_size": [20, 4]},
								"up": {"uv": [32, 40], "uv_size": [4, 20]},
								"down": {"uv": [36, 60], "uv_size": [4, -20]}
							}
						},
						{
							"origin": [3, 0, -2],
							"size": [1, 1, 5],
							"uv": {
								"north": {"uv": [52, 48], "uv_size": [4, 4]},
								"east": {"uv": [40, 40], "uv_size": [20, 4]},
								"south": {"uv": [52, 52], "uv_size": [4, 4]},
								"west": {"uv": [40, 44], "uv_size": [20, 4]},
								"up": {"uv": [0, 48], "uv_size": [4, 20]},
								"down": {"uv": [4, 68], "uv_size": [4, -20]}
							}
						},
						{
							"origin": [4.15, 1.25, -2.15],
							"size": [0.25, 4.25, 0.25],
							"uv": {
								"north": {"uv": [24, 48], "uv_size": [1, 17]},
								"east": {"uv": [28, 48], "uv_size": [1, 17]},
								"south": {"uv": [40, 48], "uv_size": [1, 17]},
								"west": {"uv": [44, 48], "uv_size": [1, 17]},
								"up": {"uv": [60, 36], "uv_size": [1, 1]},
								"down": {"uv": [60, 41], "uv_size": [1, -1]}
							}
						},
						{
							"origin": [-4.35, 1.25, -2.15],
							"size": [0.25, 4.25, 0.25],
							"uv": {
								"north": {"uv": [8, 48], "uv_size": [1, 17]},
								"east": {"uv": [12, 48], "uv_size": [1, 17]},
								"south": {"uv": [16, 48], "uv_size": [1, 17]},
								"west": {"uv": [20, 48], "uv_size": [1, 17]},
								"up": {"uv": [60, 32], "uv_size": [1, 1]},
								"down": {"uv": [36, 61], "uv_size": [1, -1]}
							}
						},
						{
							"origin": [-4.5, 0.75, -2.25],
							"size": [0.5, 0.5, 0.5],
							"uv": {
								"north": {"uv": [52, 56], "uv_size": [2, 2]},
								"east": {"uv": [56, 52], "uv_size": [2, 2]},
								"south": {"uv": [56, 56], "uv_size": [2, 2]},
								"west": {"uv": [60, 24], "uv_size": [2, 2]},
								"up": {"uv": [60, 28], "uv_size": [2, 2]},
								"down": {"uv": [32, 62], "uv_size": [2, -2]}
							}
						},
						{
							"origin": [4, 0.75, -2.25],
							"size": [0.5, 0.5, 0.5],
							"uv": {
								"north": {"uv": [56, 24], "uv_size": [2, 2]},
								"east": {"uv": [56, 28], "uv_size": [2, 2]},
								"south": {"uv": [56, 32], "uv_size": [2, 2]},
								"west": {"uv": [56, 36], "uv_size": [2, 2]},
								"up": {"uv": [48, 56], "uv_size": [2, 2]},
								"down": {"uv": [56, 50], "uv_size": [2, -2]}
							}
						}
					]
				}
			]
		}
	]
}