{
	"format_version": "1.16.100",
	"minecraft:geometry": [
		{
			"description": {
				"identifier": "geometry.tesla_charger",
				"texture_width": 512,
				"texture_height": 512,
				"visible_bounds_width": 2,
				"visible_bounds_height": 3.5,
				"visible_bounds_offset": [0, 1.25, 0]
			},
			"bones": [
				{
					"name": "bb_main",
					"pivot": [0, 0, 0],
					"cubes": [
						{
							"origin": [-5, 0, -2],
							"size": [10, 26, 4],
							"uv": {
								"north": {"uv": [0, 0], "uv_size": [80, 208]},
								"east": {"uv": [160, 0], "uv_size": [32, 208]},
								"south": {"uv": [80, 0], "uv_size": [80, 208]},
								"west": {"uv": [192, 0], "uv_size": [32, 208]},
								"up": {"uv": [0, 208], "uv_size": [80, 32]},
								"down": {"uv": [80, 240], "uv_size": [80, -32]}
							}
						},
						{
							"origin": [-7, 20, -1],
							"size": [2, 2, 2],
							"uv": {
								"north": {"uv": [192, 208], "uv_size": [16, 16]},
								"east": {"uv": [208, 208], "uv_size": [16, 16]},
								"south": {"uv": [224, 0], "uv_size": [16, 16]},
								"west": {"uv": [224, 16], "uv_size": [16, 16]},
								"up": {"uv": [224, 32], "uv_size": [16, 16]},
								"down": {"uv": [224, 64], "uv_size": [16, -16]}
							}
						},
						{
							"origin": [-6.5, 4, -0.5],
							"size": [1, 16, 1],
							"uv": {
								"north": {"uv": [160, 208], "uv_size": [8, 128]},
								"east": {"uv": [168, 208], "uv_size": [8, 128]},
								"south": {"uv": [176, 208], "uv_size": [8, 128]},
								"west": {"uv": [184, 208], "uv_size": [8, 128]},
								"up": {"uv": [224, 96], "uv_size": [8, 8]},
								"down": {"uv": [224, 112], "uv_size": [8, -8]}
							}
						},
						{
							"origin": [-6.5, 3, -0.5],
							"size": [1.5, 1, 1],
							"uv": {
								"north": {"uv": [224, 64], "uv_size": [12, 8]},
								"east": {"uv": [224, 112], "uv_size": [8, 8]},
								"south": {"uv": [224, 72], "uv_size": [12, 8]},
								"west": {"uv": [224, 120], "uv_size": [8, 8]},
								"up": {"uv": [224, 80], "uv_size": [12, 8]},
								"down": {"uv": [224, 96], "uv_size": [12, -8]}
							}
						}
					]
				}
			]
		}
	]
}