{
	"format_version": "1.16.100",
	"minecraft:geometry": [
		{
			"description": {
				"identifier": "geometry.toaster",
				"texture_width": 64,
				"texture_height": 64,
				"visible_bounds_width": 3,
				"visible_bounds_height": 2.5,
				"visible_bounds_offset": [0, 0.75, 0]
			},
			"bones": [
				{
					"name": "bb_main",
					"pivot": [0, 0, 0],
					"cubes": [
						{
							"origin": [-3.5, 0.35, -8.1],
							"size": [7, 1, 1],
							"pivot": [0, 0, 0],
							"rotation": [-45, 45, 0],
							"uv": {
								"north": {"uv": [11, 12], "uv_size": [10, 4]},
								"east": {"uv": [11, 12], "uv_size": [10, 4]},
								"south": {"uv": [11, 12], "uv_size": [10, 4]},
								"west": {"uv": [11, 12], "uv_size": [10, 4]},
								"up": {"uv": [21, 16], "uv_size": [-10, -4]},
								"down": {"uv": [21, 16], "uv_size": [-10, -4]}
							}
						},
						{
							"origin": [-3.5, 7.1, -1.3],
							"size": [7, 1, 1],
							"pivot": [0, 0, 0],
							"rotation": [-45, 45, 0],
							"uv": {
								"north": {"uv": [11, 12], "uv_size": [10, 4]},
								"east": {"uv": [11, 12], "uv_size": [10, 4]},
								"south": {"uv": [11, 12], "uv_size": [10, 4]},
								"west": {"uv": [11, 12], "uv_size": [10, 4]},
								"up": {"uv": [21, 16], "uv_size": [-10, -4]},
								"down": {"uv": [21, 16], "uv_size": [-10, -4]}
							}
						}
					]
				},
				{
					"name": "toaster",
					"pivot": [-0.21539, 4.59327, 1.14312],
					"cubes": [
						{
							"origin": [4, 0, 2],
							"size": [1, 1, 1],
							"pivot": [0, 0, 0],
							"rotation": [0, -45, 0],
							"uv": {
								"north": {"uv": [11, 12], "uv_size": [10, 4]},
								"east": {"uv": [11, 12], "uv_size": [10, 4]},
								"south": {"uv": [11, 12], "uv_size": [10, 4]},
								"west": {"uv": [11, 12], "uv_size": [10, 4]},
								"up": {"uv": [21, 16], "uv_size": [-10, -4]},
								"down": {"uv": [21, 16], "uv_size": [-10, -4]}
							}
						},
						{
							"origin": [-5, 0, 2],
							"size": [1, 1, 1],
							"pivot": [0, 0, 0],
							"rotation": [0, -45, 0],
							"uv": {
								"north": {"uv": [11, 12], "uv_size": [10, 4]},
								"east": {"uv": [11, 12], "uv_size": [10, 4]},
								"south": {"uv": [11, 12], "uv_size": [10, 4]},
								"west": {"uv": [11, 12], "uv_size": [10, 4]},
								"up": {"uv": [21, 16], "uv_size": [-10, -4]},
								"down": {"uv": [21, 16], "uv_size": [-10, -4]}
							}
						},
						{
							"origin": [-5, 0, -3],
							"size": [1, 1, 1],
							"pivot": [0, 0, 0],
							"rotation": [0, -45, 0],
							"uv": {
								"north": {"uv": [11, 12], "uv_size": [10, 4]},
								"east": {"uv": [11, 12], "uv_size": [10, 4]},
								"south": {"uv": [11, 12], "uv_size": [10, 4]},
								"west": {"uv": [11, 12], "uv_size": [10, 4]},
								"up": {"uv": [21, 16], "uv_size": [-10, -4]},
								"down": {"uv": [21, 16], "uv_size": [-10, -4]}
							}
						},
						{
							"origin": [4, 0, -3],
							"size": [1, 1, 1],
							"pivot": [0, 0, 0],
							"rotation": [0, -45, 0],
							"uv": {
								"north": {"uv": [11, 12], "uv_size": [10, 4]},
								"east": {"uv": [11, 12], "uv_size": [10, 4]},
								"south": {"uv": [11, 12], "uv_size": [10, 4]},
								"west": {"uv": [11, 12], "uv_size": [10, 4]},
								"up": {"uv": [21, 16], "uv_size": [-10, -4]},
								"down": {"uv": [21, 16], "uv_size": [-10, -4]}
							}
						},
						{
							"origin": [-5.5, 1, -3.5],
							"size": [11, 1, 7],
							"pivot": [0, 1.5, 0],
							"rotation": [0, -45, 0],
							"uv": {
								"north": {"uv": [11, 12], "uv_size": [10, 4]},
								"east": {"uv": [11, 12], "uv_size": [10, 4]},
								"south": {"uv": [11, 12], "uv_size": [10, 4]},
								"west": {"uv": [11, 12], "uv_size": [10, 4]},
								"up": {"uv": [21, 16], "uv_size": [-10, -4]},
								"down": {"uv": [21, 16], "uv_size": [-10, -4]}
							}
						},
						{
							"origin": [0.41421, 2, -5.05025],
							"size": [1, 4, 11],
							"pivot": [1.41421, 2, 4.94975],
							"rotation": [0, 45, 0],
							"uv": {
								"north": {"uv": [11, 8], "uv_size": [11, 4]},
								"east": {"uv": [11, 8], "uv_size": [11, 4]},
								"south": {"uv": [11, 8], "uv_size": [11, 4]},
								"west": {"uv": [11, 8], "uv_size": [11, 4]},
								"up": {"uv": [22, 12], "uv_size": [-11, -4]},
								"down": {"uv": [22, 12], "uv_size": [-11, -4]}
							}
						},
						{
							"origin": [6.41421, 2, -5.05025],
							"size": [1, 4, 11],
							"pivot": [1.41421, 2, 4.94975],
							"rotation": [0, 45, 0],
							"uv": {
								"north": {"uv": [11, 12], "uv_size": [10, 4]},
								"east": {"uv": [11, 12], "uv_size": [10, 4]},
								"south": {"uv": [11, 12], "uv_size": [10, 4]},
								"west": {"uv": [11, 12], "uv_size": [10, 4]},
								"up": {"uv": [21, 16], "uv_size": [-10, -4]},
								"down": {"uv": [21, 16], "uv_size": [-10, -4]}
							}
						},
						{
							"origin": [3.41421, 2, -5.05025],
							"size": [1, 4, 11],
							"pivot": [1.41421, 2, 4.94975],
							"rotation": [0, 45, 0],
							"uv": {
								"north": {"uv": [11, 12], "uv_size": [10, 4]},
								"east": {"uv": [11, 12], "uv_size": [10, 4]},
								"south": {"uv": [11, 12], "uv_size": [10, 4]},
								"west": {"uv": [11, 12], "uv_size": [10, 4]},
								"up": {"uv": [21, 16], "uv_size": [-10, -4]},
								"down": {"uv": [21, 16], "uv_size": [-10, -4]}
							}
						},
						{
							"origin": [-4.53553, 2, -3.41421],
							"size": [5, 4, 1],
							"pivot": [-3.53553, -2, -1.41421],
							"rotation": [0, 45, 0],
							"uv": {
								"north": {"uv": [11, 12], "uv_size": [10, 4]},
								"east": {"uv": [11, 12], "uv_size": [10, 4]},
								"south": {"uv": [11, 12], "uv_size": [10, 4]},
								"west": {"uv": [11, 12], "uv_size": [10, 4]},
								"up": {"uv": [21, 16], "uv_size": [-10, -4]},
								"down": {"uv": [21, 16], "uv_size": [-10, -4]}
							}
						},
						{
							"origin": [-4.53553, 2, 6.58579],
							"size": [5, 4, 1],
							"pivot": [-3.53553, -2, -1.41421],
							"rotation": [0, 45, 0],
							"uv": {
								"north": {"uv": [11, 12], "uv_size": [10, 4]},
								"east": {"uv": [11, 12], "uv_size": [10, 4]},
								"south": {"uv": [11, 12], "uv_size": [10, 4]},
								"west": {"uv": [11, 12], "uv_size": [10, 4]},
								"up": {"uv": [21, 16], "uv_size": [-10, -4]},
								"down": {"uv": [21, 16], "uv_size": [-10, -4]}
							}
						},
						{
							"origin": [-7.97868, 5.70711, 5.15685],
							"size": [9.6, 1, 1],
							"pivot": [1.62132, 5.70711, 5.15685],
							"rotation": [0, -45, 0],
							"uv": {
								"north": {"uv": [11, 12], "uv_size": [10, 4]},
								"east": {"uv": [11, 12], "uv_size": [10, 4]},
								"south": {"uv": [11, 12], "uv_size": [10, 4]},
								"west": {"uv": [11, 12], "uv_size": [10, 4]},
								"up": {"uv": [21, 16], "uv_size": [-10, -4]},
								"down": {"uv": [21, 16], "uv_size": [-10, -4]}
							}
						},
						{
							"origin": [-7.97868, 5.70711, -0.84315],
							"size": [9.6, 1, 1],
							"pivot": [1.62132, 5.70711, 5.15685],
							"rotation": [0, -45, 0],
							"uv": {
								"north": {"uv": [11, 12], "uv_size": [10, 4]},
								"east": {"uv": [11, 12], "uv_size": [10, 4]},
								"south": {"uv": [11, 12], "uv_size": [10, 4]},
								"west": {"uv": [11, 12], "uv_size": [10, 4]},
								"up": {"uv": [21, 16], "uv_size": [-10, -4]},
								"down": {"uv": [21, 16], "uv_size": [-10, -4]}
							}
						},
						{
							"origin": [-7.97868, 5.70711, 2.15685],
							"size": [9.6, 1, 1],
							"pivot": [1.62132, 5.70711, 5.15685],
							"rotation": [0, -45, 0],
							"uv": {
								"north": {"uv": [11, 12], "uv_size": [10, 4]},
								"east": {"uv": [11, 12], "uv_size": [10, 4]},
								"south": {"uv": [11, 12], "uv_size": [10, 4]},
								"west": {"uv": [11, 12], "uv_size": [10, 4]},
								"up": {"uv": [21, 16], "uv_size": [-10, -4]},
								"down": {"uv": [21, 16], "uv_size": [-10, -4]}
							}
						}
					]
				}
			]
		}
	]
}