{
  "minecraft:client_entity" : {
    "description" : {
      "render_controllers" : [
        "controller.render.villager"
      ],
      "materials" : {
        "default" : "villager"
      },
      "geometry" : {
        "default" : "geometry.apple_imac"
      },
      "animations" : {
        "look_at_target" : "animation.common.look_at_target",
        "move" : "animation.villager.move",
        "general" : "animation.villager.general",
        "baby_transform" : "animation.villager.baby_transform"
      },
      "spawn_egg" : {
        "texture" : "bb:apple_imac",
        "texture_index" : 0
      },
      "identifier" : "bb:apple_imac",
      "scripts" : {
        "scale" : "0.9375"
      },
      "min_engine_version" : "1.8.0",
      "animation_controllers" : [
        {
          "general" : "controller.animation.villager.general"
        },
        {
          "move" : "controller.animation.villager.move"
        },
        {
          "baby" : "controller.animation.villager.baby"
        }
      ],
      "textures" : {
        "farmer" : "textures\/entity\/blockbudget\/bb_apple_imac",
        "librarian" : "textures\/entity\/blockbudget\/bb_apple_imac",
        "priest" : "textures\/entity\/blockbudget\/bb_apple_imac",
        "smith" : "textures\/entity\/blockbudget\/bb_apple_imac",
        "butcher" : "textures\/entity\/blockbudget\/bb_apple_imac"
      }
    }
  },
  "format_version" : "1.8.0"
}