{
  "minecraft:client_entity" : {
    "description" : {
      "render_controllers" : [
        "controller.render.sheep"
      ],
      "materials" : {
        "default" : "sheep"
      },
      "geometry" : {
        "default" : "geometry.happy_meal",
        "sheared" : "geometry.happy_meal"
      },
      "animations" : {
        "walk" : "animation.quadruped.walk",
        "look_at_target" : "animation.common.look_at_target",
        "grazing" : "animation.sheep.grazing",
        "baby_transform" : "animation.sheep.baby_transform",
        "setup" : "animation.sheep.setup",
        "move" : "controller.animation.sheep.move"
      },
      "spawn_egg" : {
        "texture" : "bb:happy_meal",
        "texture_index" : 0
      },
      "identifier" : "bb:happy_meal",
      "scripts" : {
        "animate" : [
          "setup",
          "look_at_target",
          "move",
          {
            "baby_transform" : "query.is_baby"
          }
        ]
      },
      "textures" : {
        "default" : "textures\/entity\/blockbudget\/bb_happy_meal"
      }
    }
  },
  "format_version" : "1.16.100"
}