{
  "minecraft:recipe_shaped" : {
    "result" : {
      "count" : 64,
      "data" : 0,
      "item" : "bb:crafting_clay"
    },
    "tags" : [
      "crafting_table"
    ],
    "key" : {
      "A" : {
        "data" : 0,
        "item" : "minecraft:diamond"
      },
      "B" : {
        "data" : 0,
        "item" : "minecraft:clay_ball"
      },
      "C" : {
        "data" : 0,
        "item" : "minecraft:amethyst_shard"
      }
    },
    "pattern" : [
      "ABA",
      "BCB",
      " B "
    ],
    "description" : {
      "identifier" : "bb:crafting_clay"
    }
  },
  "format_version" : "1.19"
}