{
  "minecraft:recipe_shaped" : {
    "result" : {
      "count" : 1,
      "item" : "bb:doctor_stethoscope"
    },
    "tags" : [
      "crafting_table"
    ],
    "key" : {
      "A" : {
        "item" : "minecraft:iron_nugget"
      },
      "B" : {
        "item" : "minecraft:string"
      },
      "C" : {
        "item" : "minecraft:iron_block"
      }
    },
    "pattern" : [
      " A ",
      "AB ",
      "  C"
    ],
    "description" : {
      "identifier" : "bb:doctor_stethoscope"
    }
  },
  "format_version" : "1.19"
}