{
  "minecraft:recipe_shaped" : {
    "result" : {
      "count" : 5,
      "item" : "bb:pizza"
    },
    "tags" : [
      "crafting_table"
    ],
    "key" : {
      "A" : {
        "item" : "minecraft:bread"
      },
      "B" : {
        "item" : "minecraft:gold_ingot"
      },
      "C" : {
        "item" : "minecraft:redstone"
      }
    },
    "pattern" : [
      " AA",
      "BBA",
      "CB "
    ],
    "description" : {
      "identifier" : "bb:pizza"
    }
  },
  "format_version" : "1.19"
}