{
	"format_version": "1.16.100",
	"minecraft:geometry": [
		{
			"description": {
				"identifier": "geometry.airpods",
				"texture_width": 64,
				"texture_height": 64,
				"visible_bounds_width": 2,
				"visible_bounds_height": 1.5,
				"visible_bounds_offset": [0, 0.25, 0]
			},
			"bones": [
				{
					"name": "airpods",
					"pivot": [0, 0, 0],
					"cubes": [
						{
							"origin": [-5, 0, -5],
							"size": [1, 1, 7],
							"pivot": [-4, 0, 0],
							"rotation": [0, -10, 0],
							"uv": {
								"north": {"uv": [36, 12], "uv_size": [4, 4]},
								"east": {"uv": [0, 0], "uv_size": [28, 4]},
								"south": {"uv": [0, 40], "uv_size": [4, 4]},
								"west": {"uv": [0, 4], "uv_size": [28, 4]},
								"up": {"uv": [0, 8], "uv_size": [4, 28]},
								"down": {"uv": [4, 36], "uv_size": [4, -28]}
							}
						},
						{
							"origin": [4, 0, -5],
							"size": [1, 1, 7],
							"pivot": [4, 0, 0],
							"rotation": [0, 10, 0],
							"uv": {
								"north": {"uv": [44, 20], "uv_size": [4, 4]},
								"east": {"uv": [8, 8], "uv_size": [28, 4]},
								"south": {"uv": [44, 24], "uv_size": [4, 4]},
								"west": {"uv": [8, 12], "uv_size": [28, 4]},
								"up": {"uv": [8, 16], "uv_size": [4, 28]},
								"down": {"uv": [12, 44], "uv_size": [4, -28]}
							}
						},
						{
							"origin": [-4.91924, 0, 1.73428],
							"size": [1, 1, 1],
							"pivot": [-3.91924, 0, 1.73428],
							"rotation": [0, -42.5, 0],
							"uv": {
								"north": {"uv": [4, 40], "uv_size": [4, 4]},
								"east": {"uv": [16, 40], "uv_size": [4, 4]},
								"south": {"uv": [20, 40], "uv_size": [4, 4]},
								"west": {"uv": [24, 40], "uv_size": [4, 4]},
								"up": {"uv": [28, 40], "uv_size": [4, 4]},
								"down": {"uv": [32, 44], "uv_size": [4, -4]}
							}
						},
						{
							"origin": [3.91924, 0, 1.73428],
							"size": [1, 1, 1],
							"pivot": [3.91924, 0, 1.73428],
							"rotation": [0, 42.5, 0],
							"uv": {
								"north": {"uv": [44, 28], "uv_size": [4, 4]},
								"east": {"uv": [44, 32], "uv_size": [4, 4]},
								"south": {"uv": [44, 36], "uv_size": [4, 4]},
								"west": {"uv": [44, 40], "uv_size": [4, 4]},
								"up": {"uv": [0, 48], "uv_size": [4, 4]},
								"down": {"uv": [4, 52], "uv_size": [4, -4]}
							}
						},
						{
							"origin": [-2.91924, 0, 1.73428],
							"size": [1, 1, 1],
							"pivot": [-1.91924, 0, 1.73428],
							"rotation": [0, -42.5, 0],
							"uv": {
								"north": {"uv": [40, 12], "uv_size": [4, 4]},
								"east": {"uv": [40, 16], "uv_size": [4, 4]},
								"south": {"uv": [40, 20], "uv_size": [4, 4]},
								"west": {"uv": [40, 24], "uv_size": [4, 4]},
								"up": {"uv": [40, 28], "uv_size": [4, 4]},
								"down": {"uv": [40, 36], "uv_size": [4, -4]}
							}
						},
						{
							"origin": [1.91924, 0, 1.73428],
							"size": [1, 1, 1],
							"pivot": [1.91924, 0, 1.73428],
							"rotation": [0, 42.5, 0],
							"uv": {
								"north": {"uv": [8, 48], "uv_size": [4, 4]},
								"east": {"uv": [12, 48], "uv_size": [4, 4]},
								"south": {"uv": [16, 48], "uv_size": [4, 4]},
								"west": {"uv": [20, 48], "uv_size": [4, 4]},
								"up": {"uv": [24, 48], "uv_size": [4, 4]},
								"down": {"uv": [28, 52], "uv_size": [4, -4]}
							}
						},
						{
							"origin": [-2.91924, 0, 0.73428],
							"size": [1, 1, 1],
							"pivot": [-1.91924, 0, 0.73428],
							"rotation": [0, -42.5, 0],
							"uv": {
								"north": {"uv": [28, 44], "uv_size": [4, 4]},
								"east": {"uv": [32, 44], "uv_size": [4, 4]},
								"south": {"uv": [36, 44], "uv_size": [4, 4]},
								"west": {"uv": [40, 44], "uv_size": [4, 4]},
								"up": {"uv": [44, 44], "uv_size": [4, 4]},
								"down": {"uv": [44, 4], "uv_size": [4, -4]}
							}
						},
						{
							"origin": [1.91924, 0, 0.73428],
							"size": [1, 1, 1],
							"pivot": [1.91924, 0, 0.73428],
							"rotation": [0, 42.5, 0],
							"uv": {
								"north": {"uv": [32, 48], "uv_size": [4, 4]},
								"east": {"uv": [36, 48], "uv_size": [4, 4]},
								"south": {"uv": [40, 48], "uv_size": [4, 4]},
								"west": {"uv": [44, 48], "uv_size": [4, 4]},
								"up": {"uv": [48, 48], "uv_size": [4, 4]},
								"down": {"uv": [48, 4], "uv_size": [4, -4]}
							}
						},
						{
							"origin": [-4.59483, 0, 1.47156],
							"size": [2, 1, 1],
							"uv": {
								"north": {"uv": [16, 16], "uv_size": [8, 4]},
								"east": {"uv": [36, 40], "uv_size": [4, 4]},
								"south": {"uv": [16, 20], "uv_size": [8, 4]},
								"west": {"uv": [40, 40], "uv_size": [4, 4]},
								"up": {"uv": [16, 24], "uv_size": [8, 4]},
								"down": {"uv": [24, 28], "uv_size": [8, -4]}
							}
						},
						{
							"origin": [2.59483, 0, 1.47156],
							"size": [2, 1, 1],
							"uv": {
								"north": {"uv": [32, 28], "uv_size": [8, 4]},
								"east": {"uv": [48, 4], "uv_size": [4, 4]},
								"south": {"uv": [0, 36], "uv_size": [8, 4]},
								"west": {"uv": [48, 8], "uv_size": [4, 4]},
								"up": {"uv": [16, 36], "uv_size": [8, 4]},
								"down": {"uv": [24, 40], "uv_size": [8, -4]}
							}
						},
						{
							"origin": [-4.63281, 0, -0.15775],
							"size": [2, 1, 1],
							"pivot": [-3.63281, 0, -0.15775],
							"rotation": [0, -12.5, 0],
							"uv": {
								"north": {"uv": [24, 16], "uv_size": [8, 4]},
								"east": {"uv": [20, 44], "uv_size": [4, 4]},
								"south": {"uv": [24, 20], "uv_size": [8, 4]},
								"west": {"uv": [24, 44], "uv_size": [4, 4]},
								"up": {"uv": [16, 28], "uv_size": [8, 4]},
								"down": {"uv": [24, 32], "uv_size": [8, -4]}
							}
						},
						{
							"origin": [2.63281, 0, -0.15775],
							"size": [2, 1, 1],
							"pivot": [3.63281, 0, -0.15775],
							"rotation": [0, 12.5, 0],
							"uv": {
								"north": {"uv": [32, 36], "uv_size": [8, 4]},
								"east": {"uv": [48, 12], "uv_size": [4, 4]},
								"south": {"uv": [36, 0], "uv_size": [8, 4]},
								"west": {"uv": [48, 16], "uv_size": [4, 4]},
								"up": {"uv": [36, 4], "uv_size": [8, 4]},
								"down": {"uv": [36, 12], "uv_size": [8, -4]}
							}
						},
						{
							"origin": [-1.91924, 0, 0.73428],
							"size": [1, 1, 1],
							"pivot": [-1.91924, 0, 0.73428],
							"rotation": [0, -90, 0],
							"uv": {
								"north": {"uv": [40, 36], "uv_size": [4, 4]},
								"east": {"uv": [0, 44], "uv_size": [4, 4]},
								"south": {"uv": [4, 44], "uv_size": [4, 4]},
								"west": {"uv": [8, 44], "uv_size": [4, 4]},
								"up": {"uv": [12, 44], "uv_size": [4, 4]},
								"down": {"uv": [16, 48], "uv_size": [4, -4]}
							}
						},
						{
							"origin": [0.91924, 0, 0.73428],
							"size": [1, 1, 1],
							"pivot": [1.91924, 0, 0.73428],
							"rotation": [0, 90, 0],
							"uv": {
								"north": {"uv": [48, 20], "uv_size": [4, 4]},
								"east": {"uv": [48, 24], "uv_size": [4, 4]},
								"south": {"uv": [48, 28], "uv_size": [4, 4]},
								"west": {"uv": [48, 32], "uv_size": [4, 4]},
								"up": {"uv": [48, 36], "uv_size": [4, 4]},
								"down": {"uv": [48, 44], "uv_size": [4, -4]}
							}
						},
						{
							"origin": [-4.3, 0, 0.7],
							"size": [1.6, 1, 1],
							"uv": {
								"north": {"uv": [28, 0], "uv_size": [8, 4]},
								"east": {"uv": [44, 4], "uv_size": [4, 4]},
								"south": {"uv": [28, 4], "uv_size": [8, 4]},
								"west": {"uv": [44, 8], "uv_size": [4, 4]},
								"up": {"uv": [16, 32], "uv_size": [8, 4]},
								"down": {"uv": [24, 36], "uv_size": [8, -4]}
							}
						},
						{
							"origin": [2.7, 0, 0.7],
							"size": [1.6, 1, 1],
							"uv": {
								"north": {"uv": [32, 32], "uv_size": [8, 4]},
								"east": {"uv": [44, 12], "uv_size": [4, 4]},
								"south": {"uv": [32, 16], "uv_size": [8, 4]},
								"west": {"uv": [44, 16], "uv_size": [4, 4]},
								"up": {"uv": [32, 20], "uv_size": [8, 4]},
								"down": {"uv": [32, 28], "uv_size": [8, -4]}
							}
						}
					]
				}
			]
		}
	]
}