{
	"format_version": "1.16.100",
	"minecraft:geometry": [
		{
			"description": {
				"identifier": "geometry.apple_tv",
				"texture_width": 32,
				"texture_height": 32,
				"visible_bounds_width": 2,
				"visible_bounds_height": 1.5,
				"visible_bounds_offset": [0, 0.25, 0]
			},
			"bones": [
				{
					"name": "appletv",
					"pivot": [0, 0, 0],
					"cubes": [
						{
							"origin": [-4, 0, -4],
							"size": [8, 2, 8],
							"uv": {
								"north": {"uv": [8, 8], "uv_size": [8, 2]},
								"east": {"uv": [8, 0], "uv_size": [8, 2]},
								"south": {"uv": [8, 2], "uv_size": [8, 2]},
								"west": {"uv": [8, 4], "uv_size": [8, 2]},
								"up": {"uv": [0, 0], "uv_size": [8, 8]},
								"down": {"uv": [0, 16], "uv_size": [8, -8]}
							}
						},
						{
							"origin": [-4.3, 0, -4],
							"size": [1, 2, 1],
							"pivot": [-3.3, 0, -4],
							"rotation": [0, -45, 0],
							"uv": {
								"north": {"uv": [16, 10], "uv_size": [1, 2]},
								"east": {"uv": [16, 12], "uv_size": [1, 2]},
								"south": {"uv": [16, 14], "uv_size": [1, 2]},
								"west": {"uv": [17, 10], "uv_size": [1, 2]},
								"up": {"uv": [18, 18], "uv_size": [1, 1]},
								"down": {"uv": [18, 11], "uv_size": [1, -1]}
							}
						},
						{
							"origin": [-4.34457, 0, 4.04267],
							"size": [1, 2, 1],
							"pivot": [-3.34457, 0, 4.04267],
							"rotation": [0, -45, 0],
							"uv": {
								"north": {"uv": [4, 18], "uv_size": [1, 2]},
								"east": {"uv": [5, 18], "uv_size": [1, 2]},
								"south": {"uv": [6, 18], "uv_size": [1, 2]},
								"west": {"uv": [7, 18], "uv_size": [1, 2]},
								"up": {"uv": [18, 11], "uv_size": [1, 1]},
								"down": {"uv": [18, 13], "uv_size": [1, -1]}
							}
						},
						{
							"origin": [3.95543, 0, 4.04267],
							"size": [1, 2, 1],
							"pivot": [4.95543, 0, 4.04267],
							"rotation": [0, -45, 0],
							"uv": {
								"north": {"uv": [10, 18], "uv_size": [1, 2]},
								"east": {"uv": [11, 18], "uv_size": [1, 2]},
								"south": {"uv": [12, 18], "uv_size": [1, 2]},
								"west": {"uv": [13, 18], "uv_size": [1, 2]},
								"up": {"uv": [18, 13], "uv_size": [1, 1]},
								"down": {"uv": [18, 15], "uv_size": [1, -1]}
							}
						},
						{
							"origin": [3.95543, 0, -3.95733],
							"size": [1, 2, 1],
							"pivot": [4.95543, 0, -3.95733],
							"rotation": [0, -45, 0],
							"uv": {
								"north": {"uv": [14, 18], "uv_size": [1, 2]},
								"east": {"uv": [15, 18], "uv_size": [1, 2]},
								"south": {"uv": [16, 18], "uv_size": [1, 2]},
								"west": {"uv": [17, 18], "uv_size": [1, 2]},
								"up": {"uv": [18, 15], "uv_size": [1, 1]},
								"down": {"uv": [18, 20], "uv_size": [1, -1]}
							}
						},
						{
							"origin": [-4.00711, 0, -4.70711],
							"size": [8.2, 2, 1],
							"uv": {
								"north": {"uv": [8, 6], "uv_size": [8, 2]},
								"east": {"uv": [17, 12], "uv_size": [1, 2]},
								"south": {"uv": [8, 10], "uv_size": [8, 2]},
								"west": {"uv": [17, 14], "uv_size": [1, 2]},
								"up": {"uv": [16, 2], "uv_size": [8, 1]},
								"down": {"uv": [16, 4], "uv_size": [8, -1]}
							}
						},
						{
							"origin": [-4.00711, 0, 3.99289],
							"size": [8.2, 2, 0.8],
							"uv": {
								"north": {"uv": [8, 12], "uv_size": [8, 2]},
								"east": {"uv": [0, 18], "uv_size": [1, 2]},
								"south": {"uv": [8, 14], "uv_size": [8, 2]},
								"west": {"uv": [1, 18], "uv_size": [1, 2]},
								"up": {"uv": [16, 4], "uv_size": [8, 1]},
								"down": {"uv": [16, 6], "uv_size": [8, -1]}
							}
						},
						{
							"origin": [-4.75878, 0, -2.95733],
							"size": [8, 2, 1],
							"pivot": [-3.75878, 0, -2.95733],
							"rotation": [0, -90, 0],
							"uv": {
								"north": {"uv": [0, 16], "uv_size": [8, 2]},
								"east": {"uv": [2, 18], "uv_size": [1, 2]},
								"south": {"uv": [8, 16], "uv_size": [8, 2]},
								"west": {"uv": [3, 18], "uv_size": [1, 2]},
								"up": {"uv": [16, 6], "uv_size": [8, 1]},
								"down": {"uv": [16, 8], "uv_size": [8, -1]}
							}
						},
						{
							"origin": [3.94122, 0, -2.95733],
							"size": [8, 2, 1],
							"pivot": [4.94122, 0, -2.95733],
							"rotation": [0, -90, 0],
							"uv": {
								"north": {"uv": [16, 16], "uv_size": [8, 2]},
								"east": {"uv": [8, 18], "uv_size": [1, 2]},
								"south": {"uv": [16, 0], "uv_size": [8, 2]},
								"west": {"uv": [9, 18], "uv_size": [1, 2]},
								"up": {"uv": [16, 8], "uv_size": [8, 1]},
								"down": {"uv": [16, 10], "uv_size": [8, -1]}
							}
						}
					]
				}
			]
		}
	]
}