{
	"format_version": "1.16.100",
	"minecraft:geometry": [
		{
			"description": {
				"identifier": "geometry.apple_imac",
				"texture_width": 64,
				"texture_height": 64,
				"visible_bounds_width": 3,
				"visible_bounds_height": 2.5,
				"visible_bounds_offset": [0, 0.75, 0]
			},
			"bones": [
				{
					"name": "imac",
					"pivot": [0, 0, 0],
					"cubes": [
						{
							"origin": [-2, 0, 0.9],
							"size": [4, 1, 5],
							"uv": {
								"north": {"uv": [12, 20], "uv_size": [4, 1]},
								"east": {"uv": [4, 24], "uv_size": [5, 1]},
								"south": {"uv": [12, 21], "uv_size": [4, 1]},
								"west": {"uv": [9, 24], "uv_size": [5, 1]},
								"up": {"uv": [0, 18], "uv_size": [4, 5]},
								"down": {"uv": [4, 23], "uv_size": [4, -5]}
							}
						},
						{
							"origin": [-3, 0, 0.9],
							"size": [1, 1, 5],
							"pivot": [-2, 0, 0.9],
							"rotation": [0, 7.5, 0],
							"uv": {
								"north": {"uv": [23, 25], "uv_size": [1, 1]},
								"east": {"uv": [14, 24], "uv_size": [5, 1]},
								"south": {"uv": [25, 7], "uv_size": [1, 1]},
								"west": {"uv": [19, 24], "uv_size": [5, 1]},
								"up": {"uv": [24, 24], "uv_size": [1, 5]},
								"down": {"uv": [24, 12], "uv_size": [1, -5]}
							}
						},
						{
							"origin": [1.99144, 0, 1.03053],
							"size": [1, 1, 5],
							"pivot": [2.99144, 0, 1.03053],
							"rotation": [0, -7.5, 0],
							"uv": {
								"north": {"uv": [25, 8], "uv_size": [1, 1]},
								"east": {"uv": [24, 12], "uv_size": [5, 1]},
								"south": {"uv": [25, 9], "uv_size": [1, 1]},
								"west": {"uv": [24, 13], "uv_size": [5, 1]},
								"up": {"uv": [4, 25], "uv_size": [1, 5]},
								"down": {"uv": [5, 30], "uv_size": [1, -5]}
							}
						},
						{
							"origin": [-2.23881, -0.13053, 4.99631],
							"size": [4.5, 6.9, 1],
							"pivot": [0.16119, 0.86947, 4.99631],
							"rotation": [7.5, 0, 0],
							"uv": {
								"north": {"uv": [16, 16], "uv_size": [5, 7]},
								"east": {"uv": [2, 24], "uv_size": [1, 7]},
								"south": {"uv": [16, 0], "uv_size": [5, 7]},
								"west": {"uv": [3, 24], "uv_size": [1, 7]},
								"up": {"uv": [24, 14], "uv_size": [5, 1]},
								"down": {"uv": [6, 26], "uv_size": [5, -1]}
							}
						},
						{
							"origin": [-8, 5.25, 3.9],
							"size": [16, 9, 1],
							"pivot": [0, 5.25, 3.9],
							"rotation": [-10, 0, 0],
							"uv": {
								"north": {"uv": [0, 0], "uv_size": [16, 9]},
								"east": {"uv": [0, 24], "uv_size": [1, 9]},
								"south": {"uv": [0, 9], "uv_size": [16, 9]},
								"west": {"uv": [1, 24], "uv_size": [1, 9]},
								"up": {"uv": [16, 15], "uv_size": [16, 1]},
								"down": {"uv": [21, 22], "uv_size": [16, -1]}
							}
						},
						{
							"origin": [-8, 4.7576, 3.81318],
							"size": [16, 0.5, 1],
							"pivot": [0, 4.7576, 3.81318],
							"rotation": [-10, 0, 0],
							"uv": {
								"north": {"uv": [21, 0], "uv_size": [16, 1]},
								"east": {"uv": [25, 10], "uv_size": [1, 1]},
								"south": {"uv": [21, 1], "uv_size": [16, 1]},
								"west": {"uv": [25, 11], "uv_size": [1, 1]},
								"up": {"uv": [21, 2], "uv_size": [16, 1]},
								"down": {"uv": [21, 4], "uv_size": [16, -1]}
							}
						},
						{
							"origin": [-8, 14.11327, 5.46283],
							"size": [16, 0.5, 1],
							"pivot": [0, 14.11327, 5.46283],
							"rotation": [-10, 0, 0],
							"uv": {
								"north": {"uv": [21, 4], "uv_size": [16, 1]},
								"east": {"uv": [25, 24], "uv_size": [1, 1]},
								"south": {"uv": [21, 5], "uv_size": [16, 1]},
								"west": {"uv": [6, 26], "uv_size": [1, 1]},
								"up": {"uv": [21, 6], "uv_size": [16, 1]},
								"down": {"uv": [21, 17], "uv_size": [16, -1]}
							}
						},
						{
							"origin": [-11.5, 8.20442, 4.42094],
							"size": [10, 0.5, 1],
							"pivot": [-8, 8.20442, 4.42094],
							"rotation": [-10, -10, -90],
							"uv": {
								"north": {"uv": [21, 17], "uv_size": [10, 1]},
								"east": {"uv": [7, 26], "uv_size": [1, 1]},
								"south": {"uv": [21, 18], "uv_size": [10, 1]},
								"west": {"uv": [8, 26], "uv_size": [1, 1]},
								"up": {"uv": [21, 19], "uv_size": [10, 1]},
								"down": {"uv": [21, 21], "uv_size": [10, -1]}
							}
						},
						{
							"origin": [5, 8.20442, 4.42094],
							"size": [10, 0.5, 1],
							"pivot": [8.5, 8.20442, 4.42094],
							"rotation": [0, -10, -90],
							"uv": {
								"north": {"uv": [21, 22], "uv_size": [10, 1]},
								"east": {"uv": [9, 26], "uv_size": [1, 1]},
								"south": {"uv": [0, 23], "uv_size": [10, 1]},
								"west": {"uv": [10, 26], "uv_size": [1, 1]},
								"up": {"uv": [10, 23], "uv_size": [10, 1]},
								"down": {"uv": [20, 24], "uv_size": [10, -1]}
							}
						}
					]
				},
				{
					"name": "km",
					"pivot": [0, 0.5, -1],
					"cubes": [
						{
							"origin": [-6.6, 0, -1.5],
							"size": [0.5, 0.5, 0.5],
							"uv": {
								"north": {"uv": [11, 26], "uv_size": [1, 1]},
								"east": {"uv": [12, 26], "uv_size": [1, 1]},
								"south": {"uv": [13, 26], "uv_size": [1, 1]},
								"west": {"uv": [14, 26], "uv_size": [1, 1]},
								"up": {"uv": [15, 26], "uv_size": [1, 1]},
								"down": {"uv": [16, 27], "uv_size": [1, -1]}
							}
						},
						{
							"origin": [1.4, 0, -1.5],
							"size": [0.5, 0.5, 0.5],
							"uv": {
								"north": {"uv": [17, 26], "uv_size": [1, 1]},
								"east": {"uv": [18, 26], "uv_size": [1, 1]},
								"south": {"uv": [19, 26], "uv_size": [1, 1]},
								"west": {"uv": [20, 26], "uv_size": [1, 1]},
								"up": {"uv": [21, 26], "uv_size": [1, 1]},
								"down": {"uv": [22, 27], "uv_size": [1, -1]}
							}
						},
						{
							"origin": [1.4, 0, -4.5],
							"size": [0.5, 0.5, 0.5],
							"uv": {
								"north": {"uv": [23, 26], "uv_size": [1, 1]},
								"east": {"uv": [25, 26], "uv_size": [1, 1]},
								"south": {"uv": [26, 26], "uv_size": [1, 1]},
								"west": {"uv": [26, 7], "uv_size": [1, 1]},
								"up": {"uv": [26, 8], "uv_size": [1, 1]},
								"down": {"uv": [26, 10], "uv_size": [1, -1]}
							}
						},
						{
							"origin": [-6.6, 0, -4.5],
							"size": [0.5, 0.5, 0.5],
							"uv": {
								"north": {"uv": [26, 10], "uv_size": [1, 1]},
								"east": {"uv": [26, 11], "uv_size": [1, 1]},
								"south": {"uv": [26, 24], "uv_size": [1, 1]},
								"west": {"uv": [6, 27], "uv_size": [1, 1]},
								"up": {"uv": [7, 27], "uv_size": [1, 1]},
								"down": {"uv": [8, 28], "uv_size": [1, -1]}
							}
						},
						{
							"origin": [-6.6, 0.5, -4.5],
							"size": [8.5, 0.5, 3.5],
							"pivot": [-1.1, 0.5, -1],
							"rotation": [5, 0, 0],
							"uv": {
								"north": {"uv": [8, 18], "uv_size": [8, 1]},
								"east": {"uv": [12, 22], "uv_size": [4, 1]},
								"south": {"uv": [8, 19], "uv_size": [8, 1]},
								"west": {"uv": [11, 25], "uv_size": [4, 1]},
								"up": {"uv": [16, 7], "uv_size": [8, 4]},
								"down": {"uv": [16, 15], "uv_size": [8, -4]}
							}
						},
						{
							"origin": [4.5, 0, -4.15],
							"size": [2, 0.5, 2.95],
							"uv": {
								"north": {"uv": [21, 25], "uv_size": [2, 1]},
								"east": {"uv": [15, 25], "uv_size": [3, 1]},
								"south": {"uv": [25, 25], "uv_size": [2, 1]},
								"west": {"uv": [18, 25], "uv_size": [3, 1]},
								"up": {"uv": [8, 20], "uv_size": [2, 3]},
								"down": {"uv": [10, 23], "uv_size": [2, -3]}
							}
						},
						{
							"origin": [5.3, 0.2, -2.6],
							"size": [0.5, 0.5, 1.4],
							"uv": {
								"north": {"uv": [9, 27], "uv_size": [1, 1]},
								"east": {"uv": [10, 27], "uv_size": [1, 1]},
								"south": {"uv": [11, 27], "uv_size": [1, 1]},
								"west": {"uv": [12, 27], "uv_size": [1, 1]},
								"up": {"uv": [13, 27], "uv_size": [1, 1]},
								"down": {"uv": [14, 28], "uv_size": [1, -1]}
							}
						}
					]
				}
			]
		}
	]
}