{
	"format_version": "1.16.100",
	"minecraft:geometry": [
		{
			"description": {
				"identifier": "geometry.apple_watch",
				"texture_width": 32,
				"texture_height": 32,
				"visible_bounds_width": 2,
				"visible_bounds_height": 1.5,
				"visible_bounds_offset": [0, 0.25, 0]
			},
			"bones": [
				{
					"name": "unknown_bone",
					"pivot": [0, 0, 0],
					"cubes": [
						{"origin": [-1, 0.70711, -2.70711], "size": [2, 1, 2], "pivot": [0, 0.70711, -1.70711], "rotation": [-45, 0, 0], "uv": [16, 4]},
						{"origin": [-1, 0.70711, 1.70711], "size": [2, 1, 2], "pivot": [0, 0.70711, 2.70711], "rotation": [45, 0, 0], "uv": [0, 4]},
						{"origin": [-1, 4.41421, 1], "size": [2, 1, 2], "pivot": [0, 4.41421, 2], "rotation": [-45, 0, 0], "uv": [12, 0]},
						{"origin": [-1, 4.41421, -2], "size": [2, 1, 2], "pivot": [0, 4.41421, -1], "rotation": [45, 0, 0], "uv": [8, 4]},
						{"origin": [-1, 1.41421, -2.41421], "size": [2, 3, 1], "uv": [0, 11]},
						{"origin": [-1, 1.41421, 2.41421], "size": [2, 3, 1], "uv": [0, 7]},
						{"origin": [-1, 4.82843, 2], "size": [2, 3, 1], "pivot": [1, 4.82843, 2], "rotation": [90, 0, 0], "uv": [12, 7]},
						{"origin": [-1, 0, 2], "size": [2, 3, 1], "pivot": [1, 0, 2], "rotation": [90, 0, 0], "uv": [6, 7]},
						{"origin": [-1.7, 4.8, -3], "size": [3.3, 1, 3], "pivot": [0, 4.8, -2], "rotation": [45, 0, 0], "uv": [0, 0]}
					]
				}
			]
		}
	]
}