{
	"format_version": "1.12.0",
	"minecraft:geometry": [
		{
			"description": {
				"identifier": "geometry.bank_atm",
				"texture_width": 128,
				"texture_height": 128,
				"visible_bounds_width": 2,
				"visible_bounds_height": 3.5,
				"visible_bounds_offset": [0, 1.25, 0]
			},
			"bones": [
				{
					"name": "bb_main",
					"pivot": [0, 0, 0],
					"cubes": [
						{
							"origin": [-8, 0, -8],
							"size": [16, 13.34851, 16],
							"uv": {
								"north": {"uv": [11, 43], "uv_size": [16, 16]},
								"east": {"uv": [43, 24], "uv_size": [16, 16]},
								"south": {"uv": [43, 40], "uv_size": [16, 16]},
								"west": {"uv": [27, 48], "uv_size": [16, 16]},
								"up": {"uv": [54, 0], "uv_size": [16, 16]},
								"down": {"uv": [43, 72], "uv_size": [16, -16]}
							}
						},
						{
							"origin": [-8, 0, 3],
							"size": [16, 30, 5],
							"uv": {
								"north": {"uv": [0, 0], "uv_size": [16, 22]},
								"east": {"uv": [59, 41], "uv_size": [5, 22]},
								"south": {"uv": [16, 0], "uv_size": [16, 22]},
								"west": {"uv": [59, 63], "uv_size": [5, 22]},
								"up": {"uv": [27, 64], "uv_size": [16, 5]},
								"down": {"uv": [64, 46], "uv_size": [16, -5]}
							}
						},
						{
							"origin": [-8, 5.685, -9.4945],
							"size": [2, 10.5, 19.3],
							"pivot": [-7, 14.71056, -5.34645],
							"rotation": [72.5, 0, 0],
							"uv": {
								"north": {"uv": [0, 0], "uv_size": [2, 10.5]},
								"east": {"uv": [0, 0], "uv_size": [19.3, 10.5]},
								"south": {"uv": [0, 0], "uv_size": [2, 10.5]},
								"west": {"uv": [0, 0], "uv_size": [19.3, 10.5]},
								"up": {"uv": [2, 19.3], "uv_size": [-2, -19.3]},
								"down": {"uv": [2, 19.3], "uv_size": [-2, -19.3]}
							}
						},
						{
							"origin": [6, 5.685, -9.4945],
							"size": [2, 10.5, 19.3],
							"pivot": [7, 14.71056, -5.34645],
							"rotation": [72.5, 0, 0],
							"uv": {
								"north": {"uv": [0, 0], "uv_size": [2, 10.5]},
								"east": {"uv": [0, 0], "uv_size": [19.3, 10.5]},
								"south": {"uv": [0, 0], "uv_size": [2, 10.5]},
								"west": {"uv": [0, 0], "uv_size": [19.3, 10.5]},
								"up": {"uv": [2, 19.3], "uv_size": [-2, -19.3]},
								"down": {"uv": [2, 19.3], "uv_size": [-2, -19.3]}
							}
						},
						{
							"origin": [-8, 13.41416, -7.61524],
							"size": [16, 2, 7],
							"pivot": [-1, 13.41416, -2.61524],
							"rotation": [22.5, 0, 0],
							"uv": {
								"north": {"uv": [0, 0], "uv_size": [16, 2]},
								"east": {"uv": [0, 0], "uv_size": [7, 2]},
								"south": {"uv": [0, 0], "uv_size": [16, 2]},
								"west": {"uv": [0, 0], "uv_size": [7, 2]},
								"up": {"uv": [73, 37], "uv_size": [-15, -9]},
								"down": {"uv": [16, 7], "uv_size": [-16, -7]}
							}
						},
						{
							"origin": [-6, 13, -2],
							"size": [12, 16, 2],
							"pivot": [-5, 13, -1],
							"rotation": [-10, 0, 0],
							"uv": {
								"north": {"uv": [0, 24], "uv_size": [16, 24]},
								"east": {"uv": [0, 0], "uv_size": [2, 16]},
								"south": {"uv": [0, 0], "uv_size": [12, 16]},
								"west": {"uv": [0, 0], "uv_size": [2, 16]},
								"up": {"uv": [12, 2], "uv_size": [-12, -2]},
								"down": {"uv": [12, 2], "uv_size": [-12, -2]}
							}
						},
						{
							"origin": [-8, 28, -3],
							"size": [16, 2, 11],
							"uv": {
								"north": {"uv": [0, 0], "uv_size": [16, 2]},
								"east": {"uv": [0, 0], "uv_size": [11, 2]},
								"south": {"uv": [0, 0], "uv_size": [16, 2]},
								"west": {"uv": [0, 0], "uv_size": [11, 2]},
								"up": {"uv": [16, 11], "uv_size": [-16, -11]},
								"down": {"uv": [16, 11], "uv_size": [-16, -11]}
							}
						}
					]
				}
			]
		}
	]
}