{
	"format_version": "1.16.100",
	"minecraft:geometry": [
		{
			"description": {
				"identifier": "geometry.counter",
				"texture_width": 64,
				"texture_height": 64,
				"visible_bounds_width": 3,
				"visible_bounds_height": 2.5,
				"visible_bounds_offset": [0, 0.75, 0]
			},
			"bones": [
				{
					"name": "counter",
					"pivot": [0, 0, 0],
					"cubes": [
						{
							"origin": [-8, 0, -8],
							"size": [16, 15, 16],
							"pivot": [0, 0, 0],
							"rotation": [-180, 0, 180],
							"uv": {
								"north": {"uv": [32, 0], "uv_size": [16, 15]},
								"east": {"uv": [32, 15], "uv_size": [16, 15]},
								"south": {"uv": [32, 30], "uv_size": [16, 15]},
								"west": {"uv": [0, 33], "uv_size": [16, 15]},
								"up": {"uv": [0, 17], "uv_size": [16, 16]},
								"down": {"uv": [16, 33], "uv_size": [16, -16]}
							}
						},
						{
							"origin": [-8, 15, -9],
							"size": [16, 1, 17],
							"pivot": [0, 0, 0],
							"rotation": [-180, 0, 180],
							"uv": {
								"north": {"uv": [16, 33], "uv_size": [16, 1]},
								"east": {"uv": [16, 45], "uv_size": [17, 1]},
								"south": {"uv": [16, 34], "uv_size": [16, 1]},
								"west": {"uv": [33, 45], "uv_size": [17, 1]},
								"up": {"uv": [0, 0], "uv_size": [16, 17]},
								"down": {"uv": [16, 17], "uv_size": [16, -17]}
							}
						}
					]
				}
			]
		}
	]
}