{
	"format_version": "1.16.100",
	"minecraft:geometry": [
		{
			"description": {
				"identifier": "geometry.gaming_chair",
				"texture_width": 64,
				"texture_height": 64,
				"visible_bounds_width": 2,
				"visible_bounds_height": 2.5,
				"visible_bounds_offset": [0, 0.75, 0]
			},
			"bones": [
				{
					"name": "bb_main",
					"pivot": [0, 0, 0],
					"cubes": [
						{
							"origin": [-0.5, 4, -0.5],
							"size": [1, 4, 1],
							"uv": {
								"north": {"uv": [6, 26], "uv_size": [1, 4]},
								"east": {"uv": [7, 26], "uv_size": [1, 4]},
								"south": {"uv": [8, 26], "uv_size": [1, 4]},
								"west": {"uv": [9, 26], "uv_size": [1, 4]},
								"up": {"uv": [28, 20], "uv_size": [1, 1]},
								"down": {"uv": [28, 22], "uv_size": [1, -1]}
							}
						},
						{
							"origin": [-5.5, 8, -5.5],
							"size": [11, 1, 12],
							"uv": {
								"north": {"uv": [24, 4], "uv_size": [11, 1]},
								"east": {"uv": [23, 0], "uv_size": [12, 1]},
								"south": {"uv": [24, 5], "uv_size": [11, 1]},
								"west": {"uv": [23, 1], "uv_size": [12, 1]},
								"up": {"uv": [0, 14], "uv_size": [11, 12]},
								"down": {"uv": [11, 26], "uv_size": [11, -12]}
							}
						},
						{
							"origin": [-5.5, 8, -6.5],
							"size": [11, 14, 1],
							"uv": {
								"north": {"uv": [0, 0], "uv_size": [11, 14]},
								"east": {"uv": [22, 0], "uv_size": [1, 14]},
								"south": {"uv": [11, 0], "uv_size": [11, 14]},
								"west": {"uv": [22, 14], "uv_size": [1, 14]},
								"up": {"uv": [24, 6], "uv_size": [11, 1]},
								"down": {"uv": [24, 8], "uv_size": [11, -1]}
							}
						}
					]
				},
				{
					"name": "gaming_chair",
					"pivot": [0, 0, 0],
					"cubes": [
						{
							"origin": [-6, 0, -1],
							"size": [2, 1, 2],
							"uv": {
								"north": {"uv": [10, 26], "uv_size": [2, 1]},
								"east": {"uv": [12, 26], "uv_size": [2, 1]},
								"south": {"uv": [14, 26], "uv_size": [2, 1]},
								"west": {"uv": [16, 26], "uv_size": [2, 1]},
								"up": {"uv": [24, 16], "uv_size": [2, 2]},
								"down": {"uv": [24, 20], "uv_size": [2, -2]}
							}
						},
						{
							"origin": [4, 0, -1],
							"size": [2, 1, 2],
							"uv": {
								"north": {"uv": [26, 16], "uv_size": [2, 1]},
								"east": {"uv": [26, 17], "uv_size": [2, 1]},
								"south": {"uv": [18, 26], "uv_size": [2, 1]},
								"west": {"uv": [26, 18], "uv_size": [2, 1]},
								"up": {"uv": [24, 20], "uv_size": [2, 2]},
								"down": {"uv": [24, 24], "uv_size": [2, -2]}
							}
						},
						{
							"origin": [-1, 0, 4],
							"size": [2, 1, 2],
							"uv": {
								"north": {"uv": [26, 19], "uv_size": [2, 1]},
								"east": {"uv": [20, 26], "uv_size": [2, 1]},
								"south": {"uv": [26, 20], "uv_size": [2, 1]},
								"west": {"uv": [26, 21], "uv_size": [2, 1]},
								"up": {"uv": [24, 24], "uv_size": [2, 2]},
								"down": {"uv": [0, 28], "uv_size": [2, -2]}
							}
						},
						{
							"origin": [-1, 0, -6],
							"size": [2, 1, 2],
							"uv": {
								"north": {"uv": [26, 22], "uv_size": [2, 1]},
								"east": {"uv": [23, 26], "uv_size": [2, 1]},
								"south": {"uv": [26, 23], "uv_size": [2, 1]},
								"west": {"uv": [26, 24], "uv_size": [2, 1]},
								"up": {"uv": [2, 26], "uv_size": [2, 2]},
								"down": {"uv": [4, 28], "uv_size": [2, -2]}
							}
						},
						{
							"origin": [-5.5, 1, -0.5],
							"size": [1, 2, 1],
							"uv": {
								"north": {"uv": [25, 26], "uv_size": [1, 2]},
								"east": {"uv": [26, 25], "uv_size": [1, 2]},
								"south": {"uv": [10, 27], "uv_size": [1, 2]},
								"west": {"uv": [11, 27], "uv_size": [1, 2]},
								"up": {"uv": [27, 25], "uv_size": [1, 1]},
								"down": {"uv": [26, 28], "uv_size": [1, -1]}
							}
						},
						{
							"origin": [4.5, 1, -0.5],
							"size": [1, 2, 1],
							"uv": {
								"north": {"uv": [12, 27], "uv_size": [1, 2]},
								"east": {"uv": [13, 27], "uv_size": [1, 2]},
								"south": {"uv": [14, 27], "uv_size": [1, 2]},
								"west": {"uv": [15, 27], "uv_size": [1, 2]},
								"up": {"uv": [27, 26], "uv_size": [1, 1]},
								"down": {"uv": [27, 28], "uv_size": [1, -1]}
							}
						},
						{
							"origin": [-0.5, 1, 4.5],
							"size": [1, 2, 1],
							"uv": {
								"north": {"uv": [16, 27], "uv_size": [1, 2]},
								"east": {"uv": [17, 27], "uv_size": [1, 2]},
								"south": {"uv": [18, 27], "uv_size": [1, 2]},
								"west": {"uv": [19, 27], "uv_size": [1, 2]},
								"up": {"uv": [4, 28], "uv_size": [1, 1]},
								"down": {"uv": [5, 29], "uv_size": [1, -1]}
							}
						},
						{
							"origin": [-0.5, 1, -5.5],
							"size": [1, 2, 1],
							"uv": {
								"north": {"uv": [20, 27], "uv_size": [1, 2]},
								"east": {"uv": [21, 27], "uv_size": [1, 2]},
								"south": {"uv": [23, 27], "uv_size": [1, 2]},
								"west": {"uv": [24, 27], "uv_size": [1, 2]},
								"up": {"uv": [28, 16], "uv_size": [1, 1]},
								"down": {"uv": [28, 18], "uv_size": [1, -1]}
							}
						},
						{
							"origin": [-5.5, 3, -0.5],
							"size": [5, 1, 1],
							"uv": {
								"north": {"uv": [24, 8], "uv_size": [5, 1]},
								"east": {"uv": [0, 28], "uv_size": [1, 1]},
								"south": {"uv": [24, 9], "uv_size": [5, 1]},
								"west": {"uv": [1, 28], "uv_size": [1, 1]},
								"up": {"uv": [24, 10], "uv_size": [5, 1]},
								"down": {"uv": [24, 12], "uv_size": [5, -1]}
							}
						},
						{
							"origin": [0.5, 3, -0.5],
							"size": [5, 1, 1],
							"uv": {
								"north": {"uv": [24, 12], "uv_size": [5, 1]},
								"east": {"uv": [2, 28], "uv_size": [1, 1]},
								"south": {"uv": [24, 13], "uv_size": [5, 1]},
								"west": {"uv": [3, 28], "uv_size": [1, 1]},
								"up": {"uv": [24, 14], "uv_size": [5, 1]},
								"down": {"uv": [24, 16], "uv_size": [5, -1]}
							}
						},
						{
							"origin": [-0.5, 3, -5.5],
							"size": [1, 1, 11],
							"uv": {
								"north": {"uv": [28, 18], "uv_size": [1, 1]},
								"east": {"uv": [23, 2], "uv_size": [11, 1]},
								"south": {"uv": [28, 19], "uv_size": [1, 1]},
								"west": {"uv": [23, 3], "uv_size": [11, 1]},
								"up": {"uv": [23, 4], "uv_size": [1, 11]},
								"down": {"uv": [23, 26], "uv_size": [1, -11]}
							}
						}
					]
				}
			]
		}
	]
}