{
	"format_version": "1.19",
	"minecraft:geometry": [
		{
			"description": {
				"identifier": "geometry.happy_meal",
				"texture_width": 64,
				"texture_height": 64,
				"visible_bounds_width": 2,
				"visible_bounds_height": 2.5,
				"visible_bounds_offset": [0, 0.75, 0]
			},
			"bones": [
				{
					"name": "unknown_bone",
					"pivot": [0, 0, 0],
					"cubes": [
						{
							"origin": [-0.5, 10.5, 1.5],
							"size": [1, 2, 1],
							"uv": {
								"north": {"uv": [14, 29], "uv_size": [1, 2]},
								"east": {"uv": [15, 29], "uv_size": [1, 2]},
								"south": {"uv": [16, 29], "uv_size": [1, 2]},
								"west": {"uv": [17, 29], "uv_size": [1, 2]},
								"up": {"uv": [32, 9], "uv_size": [-1, -1]},
								"down": {"uv": [32, 9], "uv_size": [-1, -1]}
							}
						},
						{
							"origin": [-0.5, 11.1, -0.5],
							"size": [1, 1.4, 1],
							"uv": {
								"north": {"uv": [22, 29], "uv_size": [1, 1.4]},
								"east": {"uv": [23, 29], "uv_size": [1, 1.4]},
								"south": {"uv": [27, 29], "uv_size": [1, 1.4]},
								"west": {"uv": [28, 29], "uv_size": [1, 1.4]},
								"up": {"uv": [12, 33], "uv_size": [-1, -1]},
								"down": {"uv": [13, 32], "uv_size": [-1, -1]}
							}
						},
						{
							"origin": [-0.5, 14.5, 1.5],
							"size": [1, 1, 1],
							"pivot": [0.5, 12.5, 1.5],
							"rotation": [90, 0, 0],
							"uv": {
								"north": {"uv": [30, 23], "uv_size": [1, 1]},
								"east": {"uv": [30, 24], "uv_size": [1, 1]},
								"south": {"uv": [30, 29], "uv_size": [1, 1]},
								"west": {"uv": [7, 31], "uv_size": [1, 1]},
								"up": {"uv": [8, 31], "uv_size": [1, 1]},
								"down": {"uv": [9, 32], "uv_size": [1, -1]}
							}
						},
						{
							"origin": [-0.5, 14.5, 3.5],
							"size": [1, 1, 1],
							"pivot": [0.5, 12.5, 3.5],
							"rotation": [90, 0, 0],
							"uv": {
								"north": {"uv": [14, 31], "uv_size": [1, 1]},
								"east": {"uv": [15, 31], "uv_size": [1, 1]},
								"south": {"uv": [16, 31], "uv_size": [1, 1]},
								"west": {"uv": [17, 31], "uv_size": [1, 1]},
								"up": {"uv": [18, 31], "uv_size": [1, 1]},
								"down": {"uv": [19, 32], "uv_size": [1, -1]}
							}
						},
						{
							"origin": [-0.5, 10.5, -2.5],
							"size": [1, 2, 1],
							"uv": {
								"north": {"uv": [18, 29], "uv_size": [1, 2]},
								"east": {"uv": [19, 29], "uv_size": [1, 2]},
								"south": {"uv": [20, 29], "uv_size": [1, 2]},
								"west": {"uv": [21, 29], "uv_size": [1, 2]},
								"up": {"uv": [32, 23], "uv_size": [-1, -1]},
								"down": {"uv": [32, 23], "uv_size": [-1, -1]}
							}
						}
					]
				},
				{
					"name": "happymeal",
					"pivot": [0, 0, 0],
					"cubes": [
						{
							"origin": [-3, 0, -3],
							"size": [6, 1, 6],
							"uv": {
								"north": {"uv": [24, 0], "uv_size": [6, 1]},
								"east": {"uv": [24, 1], "uv_size": [6, 1]},
								"south": {"uv": [24, 2], "uv_size": [6, 1]},
								"west": {"uv": [24, 3], "uv_size": [6, 1]},
								"up": {"uv": [18, 22], "uv_size": [6, 6]},
								"down": {"uv": [22, 12], "uv_size": [6, -6]}
							}
						},
						{
							"origin": [-3, 0, -4],
							"size": [6, 7, 1],
							"uv": {
								"north": {"uv": [16, 6], "uv_size": [6, 7]},
								"east": {"uv": [26, 26], "uv_size": [1, 7]},
								"south": {"uv": [0, 20], "uv_size": [6, 7]},
								"west": {"uv": [26, 12], "uv_size": [1, 7]},
								"up": {"uv": [24, 4], "uv_size": [6, 1]},
								"down": {"uv": [24, 6], "uv_size": [6, -1]}
							}
						},
						{
							"origin": [-3, 0, 3],
							"size": [6, 7, 1],
							"uv": {
								"north": {"uv": [6, 21], "uv_size": [6, 7]},
								"east": {"uv": [26, 19], "uv_size": [1, 7]},
								"south": {"uv": [12, 22], "uv_size": [6, 7]},
								"west": {"uv": [0, 27], "uv_size": [1, 7]},
								"up": {"uv": [27, 27], "uv_size": [6, 1]},
								"down": {"uv": [27, 13], "uv_size": [6, -1]}
							}
						},
						{
							"origin": [-7, 0, 0],
							"size": [8, 7, 1],
							"pivot": [-3, 0, 0],
							"rotation": [0, -90, 0],
							"uv": {
								"north": {"uv": [0, 0], "uv_size": [8, 7]},
								"east": {"uv": [1, 27], "uv_size": [1, 7]},
								"south": {"uv": [0, 7], "uv_size": [8, 7]},
								"west": {"uv": [2, 27], "uv_size": [1, 7]},
								"up": {"uv": [8, 7], "uv_size": [8, 1]},
								"down": {"uv": [16, 14], "uv_size": [8, -1]}
							}
						},
						{
							"origin": [0, 0, 0],
							"size": [8, 7, 1],
							"pivot": [4, 0, 0],
							"rotation": [0, -90, 0],
							"uv": {
								"north": {"uv": [8, 8], "uv_size": [8, 7]},
								"east": {"uv": [3, 27], "uv_size": [1, 7]},
								"south": {"uv": [8, 0], "uv_size": [8, 7]},
								"west": {"uv": [4, 27], "uv_size": [1, 7]},
								"up": {"uv": [16, 14], "uv_size": [8, 1]},
								"down": {"uv": [16, 16], "uv_size": [8, -1]}
							}
						},
						{
							"origin": [0.9, 6.1, -4],
							"size": [1, 5.5, 8],
							"pivot": [1.9, 9.1, 0],
							"rotation": [0, 0, -45],
							"uv": {
								"north": {"uv": [5, 27], "uv_size": [1, 6]},
								"east": {"uv": [0, 14], "uv_size": [8, 6]},
								"south": {"uv": [27, 13], "uv_size": [1, 6]},
								"west": {"uv": [8, 15], "uv_size": [8, 6]},
								"up": {"uv": [24, 24], "uv_size": [1, 8]},
								"down": {"uv": [24, 20], "uv_size": [1, -8]}
							}
						},
						{
							"origin": [-2.2, 5.4, -4],
							"size": [1, 5.75, 8],
							"pivot": [-1.2, 8.4, 0],
							"rotation": [0, 0, 45],
							"uv": {
								"north": {"uv": [27, 19], "uv_size": [1, 6]},
								"east": {"uv": [16, 16], "uv_size": [8, 6]},
								"south": {"uv": [6, 28], "uv_size": [1, 6]},
								"west": {"uv": [16, 0], "uv_size": [8, 6]},
								"up": {"uv": [25, 25], "uv_size": [1, 8]},
								"down": {"uv": [25, 20], "uv_size": [1, -8]}
							}
						},
						{
							"origin": [-1, 0, 0],
							"size": [1, 1, 1],
							"uv": {
								"north": {"uv": [25, 24], "uv_size": [1, 1]},
								"east": {"uv": [29, 29], "uv_size": [1, 1]},
								"south": {"uv": [29, 21], "uv_size": [1, 1]},
								"west": {"uv": [29, 22], "uv_size": [1, 1]},
								"up": {"uv": [29, 23], "uv_size": [1, 1]},
								"down": {"uv": [29, 31], "uv_size": [1, -1]}
							}
						},
						{
							"origin": [-1, 7, -4],
							"size": [2, 3, 1],
							"uv": {
								"north": {"uv": [24, 20], "uv_size": [2, 3]},
								"east": {"uv": [11, 28], "uv_size": [1, 3]},
								"south": {"uv": [7, 28], "uv_size": [2, 3]},
								"west": {"uv": [28, 21], "uv_size": [1, 3]},
								"up": {"uv": [6, 20], "uv_size": [2, 1]},
								"down": {"uv": [22, 13], "uv_size": [2, -1]}
							}
						},
						{
							"origin": [-1, 7, 3],
							"size": [2, 3, 1],
							"uv": {
								"north": {"uv": [9, 28], "uv_size": [2, 3]},
								"east": {"uv": [12, 29], "uv_size": [1, 3]},
								"south": {"uv": [28, 6], "uv_size": [2, 3]},
								"west": {"uv": [13, 29], "uv_size": [1, 3]},
								"up": {"uv": [24, 23], "uv_size": [2, 1]},
								"down": {"uv": [28, 25], "uv_size": [2, -1]}
							}
						},
						{
							"origin": [-3, 7, -4],
							"size": [6, 1, 1],
							"uv": {
								"north": {"uv": [27, 25], "uv_size": [6, 1]},
								"east": {"uv": [30, 30], "uv_size": [1, 1]},
								"south": {"uv": [27, 26], "uv_size": [6, 1]},
								"west": {"uv": [30, 0], "uv_size": [1, 1]},
								"up": {"uv": [18, 28], "uv_size": [6, 1]},
								"down": {"uv": [27, 29], "uv_size": [6, -1]}
							}
						},
						{
							"origin": [-3, 7, 3],
							"size": [6, 1, 1],
							"uv": {
								"north": {"uv": [28, 9], "uv_size": [6, 1]},
								"east": {"uv": [30, 3], "uv_size": [1, 1]},
								"south": {"uv": [28, 10], "uv_size": [6, 1]},
								"west": {"uv": [30, 4], "uv_size": [1, 1]},
								"up": {"uv": [28, 11], "uv_size": [6, 1]},
								"down": {"uv": [28, 14], "uv_size": [6, -1]}
							}
						},
						{
							"origin": [-2, 8, -4],
							"size": [4, 1, 1],
							"uv": {
								"north": {"uv": [12, 21], "uv_size": [4, 1]},
								"east": {"uv": [30, 1], "uv_size": [1, 1]},
								"south": {"uv": [28, 14], "uv_size": [4, 1]},
								"west": {"uv": [30, 2], "uv_size": [1, 1]},
								"up": {"uv": [28, 15], "uv_size": [4, 1]},
								"down": {"uv": [28, 17], "uv_size": [4, -1]}
							}
						},
						{
							"origin": [-2, 8, 3],
							"size": [4, 1, 1],
							"uv": {
								"north": {"uv": [28, 17], "uv_size": [4, 1]},
								"east": {"uv": [30, 5], "uv_size": [1, 1]},
								"south": {"uv": [28, 18], "uv_size": [4, 1]},
								"west": {"uv": [30, 6], "uv_size": [1, 1]},
								"up": {"uv": [28, 19], "uv_size": [4, 1]},
								"down": {"uv": [28, 21], "uv_size": [4, -1]}
							}
						}
					]
				}
			]
		}
	]
}