{
	"format_version": "1.16.100",
	"minecraft:geometry": [
		{
			"description": {
				"identifier": "geometry.pc",
				"texture_width": 64,
				"texture_height": 64,
				"visible_bounds_width": 2,
				"visible_bounds_height": 2.5,
				"visible_bounds_offset": [0, 0.75, 0]
			},
			"bones": [
				{
					"name": "pc",
					"pivot": [0, 0, 0],
					"rotation": [-180, 0, 180],
					"cubes": [
						{
							"origin": [-4, 0, -6],
							"size": [8, 1, 12],
							"uv": {
								"north": {"uv": [15, 30], "uv_size": [-10, 14]},
								"east": {"uv": [15, 30], "uv_size": [-10, 14]},
								"south": {"uv": [15, 30], "uv_size": [-10, 14]},
								"west": {"uv": [15, 30], "uv_size": [-10, 14]},
								"up": {"uv": [5, 44], "uv_size": [10, -14]},
								"down": {"uv": [2, 45], "uv_size": [10, -14]}
							}
						},
						{
							"origin": [-5, 0, -7],
							"size": [1, 13, 14],
							"uv": {
								"north": {"uv": [41, 15], "uv_size": [12, 2]},
								"east": {"uv": [0, 0], "uv_size": [14, 12]},
								"south": {"uv": [41, 15], "uv_size": [12, 2]},
								"west": {"uv": [0, 0], "uv_size": [14, 12]},
								"up": {"uv": [53, 17], "uv_size": [-12, -2]},
								"down": {"uv": [53, 17], "uv_size": [-12, -2]}
							}
						},
						{
							"origin": [4, 0, -7],
							"size": [1, 13, 14],
							"uv": {
								"north": {"uv": [42, 19], "uv_size": [1, 12]},
								"east": {"uv": [14, 0], "uv_size": [14, 12]},
								"south": {"uv": [30, 42], "uv_size": [1, 12]},
								"west": {"uv": [14, 12], "uv_size": [14, 12]},
								"up": {"uv": [26, 38], "uv_size": [1, 14]},
								"down": {"uv": [27, 52], "uv_size": [1, -14]}
							}
						},
						{
							"origin": [-4, 0, 6],
							"size": [8, 13, 1],
							"uv": {
								"north": {"uv": [0, 38], "uv_size": [8, 13]},
								"east": {"uv": [28, 38], "uv_size": [1, 13]},
								"south": {"uv": [38, 0], "uv_size": [8, 13]},
								"west": {"uv": [29, 38], "uv_size": [1, 13]},
								"up": {"uv": [31, 42], "uv_size": [8, 1]},
								"down": {"uv": [42, 38], "uv_size": [8, -1]}
							}
						},
						{
							"origin": [-4, 0, -7],
							"size": [8, 13, 1],
							"uv": {
								"north": {"uv": [8, 38], "uv_size": [8, 13]},
								"east": {"uv": [40, 19], "uv_size": [1, 13]},
								"south": {"uv": [16, 38], "uv_size": [8, 13]},
								"west": {"uv": [40, 32], "uv_size": [1, 13]},
								"up": {"uv": [42, 38], "uv_size": [8, 1]},
								"down": {"uv": [42, 40], "uv_size": [8, -1]}
							}
						},
						{
							"origin": [-5, 0, -7],
							"size": [9, 1, 14],
							"uv": {
								"north": {"uv": [42, 33], "uv_size": [10, 1]},
								"east": {"uv": [40, 15], "uv_size": [14, 1]},
								"south": {"uv": [42, 34], "uv_size": [10, 1]},
								"west": {"uv": [40, 16], "uv_size": [14, 1]},
								"up": {"uv": [20, 24], "uv_size": [10, 14]},
								"down": {"uv": [28, 14], "uv_size": [10, -14]}
							}
						},
						{
							"origin": [-4, 12, -6],
							"size": [8, 1, 12],
							"uv": {
								"north": {"uv": [42, 35], "uv_size": [10, 1]},
								"east": {"uv": [40, 17], "uv_size": [14, 1]},
								"south": {"uv": [42, 36], "uv_size": [10, 1]},
								"west": {"uv": [40, 18], "uv_size": [14, 1]},
								"up": {"uv": [30, 14], "uv_size": [10, 14]},
								"down": {"uv": [30, 42], "uv_size": [10, -14]}
							}
						}
					]
				}
			]
		}
	]
}