{
	"format_version": "1.16.100",
	"minecraft:geometry": [
		{
			"description": {
				"identifier": "geometry.pc_monitor",
				"texture_width": 64,
				"texture_height": 64,
				"visible_bounds_width": 2,
				"visible_bounds_height": 2.5,
				"visible_bounds_offset": [0, 0.75, 0]
			},
			"bones": [
				{
					"name": "pc_monitor",
					"pivot": [0, 1.69902, -0.27658],
					"cubes": [
						{
							"origin": [1.5, 0, -1.5],
							"size": [1, 0.75, 3.5],
							"uv": {
								"north": {"uv": [26, 24], "uv_size": [2, 1]},
								"east": {"uv": [8, 26], "uv_size": [5, 1]},
								"south": {"uv": [26, 26], "uv_size": [2, 1]},
								"west": {"uv": [26, 18], "uv_size": [5, 1]},
								"up": {"uv": [0, 24], "uv_size": [2, 5]},
								"down": {"uv": [2, 29], "uv_size": [2, -5]}
							}
						},
						{
							"origin": [-2.5, 0, -1.5],
							"size": [1, 0.75, 3.5],
							"uv": {
								"north": {"uv": [8, 28], "uv_size": [2, 1]},
								"east": {"uv": [26, 20], "uv_size": [5, 1]},
								"south": {"uv": [10, 28], "uv_size": [2, 1]},
								"west": {"uv": [26, 22], "uv_size": [5, 1]},
								"up": {"uv": [4, 24], "uv_size": [2, 5]},
								"down": {"uv": [6, 29], "uv_size": [2, -5]}
							}
						},
						{
							"origin": [-2.5, 0, 2],
							"size": [5, 0.75, 1],
							"uv": {
								"north": {"uv": [8, 24], "uv_size": [10, 1]},
								"east": {"uv": [12, 28], "uv_size": [2, 1]},
								"south": {"uv": [24, 12], "uv_size": [10, 1]},
								"west": {"uv": [14, 28], "uv_size": [2, 1]},
								"up": {"uv": [20, 0], "uv_size": [10, 2]},
								"down": {"uv": [20, 4], "uv_size": [10, -2]}
							}
						},
						{
							"origin": [-2.5, 0, -2.5],
							"size": [5, 0.75, 1],
							"uv": {
								"north": {"uv": [24, 14], "uv_size": [10, 1]},
								"east": {"uv": [16, 28], "uv_size": [2, 1]},
								"south": {"uv": [24, 16], "uv_size": [10, 1]},
								"west": {"uv": [24, 28], "uv_size": [2, 1]},
								"up": {"uv": [20, 4], "uv_size": [10, 2]},
								"down": {"uv": [20, 8], "uv_size": [10, -2]}
							}
						},
						{
							"origin": [-0.25, -0.05125, -2.01527],
							"size": [0.5, 7.5, 0.75],
							"pivot": [0, 2.49875, -1.34027],
							"rotation": [-10.7, 0, 0],
							"uv": {
								"north": {"uv": [18, 24], "uv_size": [1, 9]},
								"east": {"uv": [24, 18], "uv_size": [1, 9]},
								"south": {"uv": [20, 24], "uv_size": [1, 9]},
								"west": {"uv": [22, 24], "uv_size": [1, 9]},
								"up": {"uv": [0, 30], "uv_size": [1, 1]},
								"down": {"uv": [30, 1], "uv_size": [1, -1]}
							}
						},
						{
							"origin": [-7, 3.35, 1.5],
							"size": [14, 8.25, 0.4],
							"pivot": [0, 0, 0.1],
							"rotation": [10, 0, 0],
							"uv": {
								"north": {"uv": [0, 0], "uv_size": [20, 11]},
								"east": {"uv": [20, 12], "uv_size": [1, 11]},
								"south": {"uv": [0, 12], "uv_size": [20, 11]},
								"west": {"uv": [22, 12], "uv_size": [1, 11]},
								"up": {"uv": [20, 8], "uv_size": [20, 1]},
								"down": {"uv": [20, 11], "uv_size": [20, -1]}
							}
						}
					]
				}
			]
		}
	]
}