{
	"format_version": "1.16.100",
	"minecraft:geometry": [
		{
			"description": {
				"identifier": "geometry.hand_sanitiser",
				"texture_width": 32,
				"texture_height": 32,
				"visible_bounds_width": 2,
				"visible_bounds_height": 2.5,
				"visible_bounds_offset": [0, 0.75, 0]
			},
			"bones": [
				{
					"name": "sanitiser",
					"pivot": [0, 0, 0],
					"cubes": [
						{
							"origin": [-3.5, 0, -4],
							"size": [7, 10, 7],
							"uv": {
								"north": {"uv": [0, 0], "uv_size": [7, 10]},
								"east": {"uv": [7, 7], "uv_size": [7, 10]},
								"south": {"uv": [0, 10], "uv_size": [7, 10]},
								"west": {"uv": [14, 14], "uv_size": [7, 10]},
								"up": {"uv": [7, 0], "uv_size": [7, 7]},
								"down": {"uv": [14, 7], "uv_size": [7, -7]}
							}
						},
						{
							"origin": [-1.5, 10, -2],
							"size": [3, 1, 3],
							"uv": {
								"north": {"uv": [14, 13], "uv_size": [3, 1]},
								"east": {"uv": [7, 17], "uv_size": [3, 1]},
								"south": {"uv": [10, 17], "uv_size": [3, 1]},
								"west": {"uv": [17, 7], "uv_size": [3, 1]},
								"up": {"uv": [14, 7], "uv_size": [3, 3]},
								"down": {"uv": [14, 13], "uv_size": [3, -3]}
							}
						},
						{
							"origin": [-0.5, 11, -1],
							"size": [1, 2, 1],
							"uv": {
								"north": {"uv": [7, 18], "uv_size": [1, 2]},
								"east": {"uv": [8, 18], "uv_size": [1, 2]},
								"south": {"uv": [9, 18], "uv_size": [1, 2]},
								"west": {"uv": [10, 18], "uv_size": [1, 2]},
								"up": {"uv": [17, 13], "uv_size": [1, 1]},
								"down": {"uv": [2, 21], "uv_size": [1, -1]}
							}
						},
						{
							"origin": [-0.52061, 13, -2.81596],
							"size": [1, 2, 1.4],
							"pivot": [0.47939, 13, -2.81596],
							"rotation": [-67.5, 0, 90],
							"uv": {
								"north": {"uv": [11, 18], "uv_size": [1, 2]},
								"east": {"uv": [12, 18], "uv_size": [1, 2]},
								"south": {"uv": [18, 10], "uv_size": [1, 2]},
								"west": {"uv": [18, 12], "uv_size": [1, 2]},
								"up": {"uv": [3, 20], "uv_size": [1, 1]},
								"down": {"uv": [4, 21], "uv_size": [1, -1]}
							}
						},
						{
							"origin": [-2.36585, 13, -1.00334],
							"size": [1, 2, 1.3],
							"pivot": [-1.36585, 13, -1.00334],
							"rotation": [65, 0, 90],
							"uv": {
								"north": {"uv": [19, 10], "uv_size": [1, 2]},
								"east": {"uv": [19, 12], "uv_size": [1, 2]},
								"south": {"uv": [0, 20], "uv_size": [1, 2]},
								"west": {"uv": [1, 20], "uv_size": [1, 2]},
								"up": {"uv": [5, 20], "uv_size": [1, 1]},
								"down": {"uv": [6, 21], "uv_size": [1, -1]}
							}
						},
						{
							"origin": [-0.52061, 13, -2.81596],
							"size": [1, 1, 1],
							"pivot": [0.47939, 13, -2.81596],
							"rotation": [0, 0, 0],
							"uv": {
								"north": {"uv": [7, 20], "uv_size": [1, 1]},
								"east": {"uv": [8, 20], "uv_size": [1, 1]},
								"south": {"uv": [9, 20], "uv_size": [1, 1]},
								"west": {"uv": [10, 20], "uv_size": [1, 1]},
								"up": {"uv": [11, 20], "uv_size": [1, 1]},
								"down": {"uv": [12, 21], "uv_size": [1, -1]}
							}
						},
						{
							"origin": [-1.4, 13, -2.3],
							"size": [1.4, 1, 2.6],
							"pivot": [-0.1, 13, -1],
							"rotation": [0, 90, 0],
							"uv": {
								"north": {"uv": [13, 20], "uv_size": [1, 1]},
								"east": {"uv": [17, 8], "uv_size": [3, 1]},
								"south": {"uv": [20, 7], "uv_size": [1, 1]},
								"west": {"uv": [17, 9], "uv_size": [3, 1]},
								"up": {"uv": [13, 17], "uv_size": [1, 3]},
								"down": {"uv": [17, 13], "uv_size": [1, -3]}
							}
						}
					]
				}
			]
		}
	]
}