{
	"format_version": "1.16.100",
	"minecraft:geometry": [
		{
			"description": {
				"identifier": "geometry.toilet",
				"texture_width": 32,
				"texture_height": 32,
				"visible_bounds_width": 2,
				"visible_bounds_height": 2.5,
				"visible_bounds_offset": [0, 0.75, 0]
			},
			"bones": [
				{
					"name": "bb_main",
					"pivot": [0, 0, 0],
					"cubes": [
						{
							"origin": [-2.75, 0, -1],
							"size": [5.25, 5, 8],
							"uv": {
								"north": {"uv": [17, 0], "uv_size": [5.25, 3]},
								"east": {"uv": [15, 9], "uv_size": [7, 3]},
								"south": {"uv": [17, 3], "uv_size": [5.25, 3]},
								"west": {"uv": [15, 12], "uv_size": [7, 3]},
								"up": {"uv": [0, 16], "uv_size": [5, -7]},
								"down": {"uv": [6, 16], "uv_size": [5.25, -7]}
							}
						},
						{
							"origin": [-3.5, 3, -2],
							"size": [7, 4.25, 1],
							"uv": {
								"north": {"uv": [17, 6], "uv_size": [7, 2.25]},
								"east": {"uv": [4, 22], "uv_size": [1, 2.25]},
								"south": {"uv": [7, 18], "uv_size": [7, 2.25]},
								"west": {"uv": [22, 9], "uv_size": [1, 2.25]},
								"up": {"uv": [10, 21], "uv_size": [7, 1]},
								"down": {"uv": [17, 22], "uv_size": [7, -1]}
							}
						},
						{
							"origin": [-3.5, 3, 4],
							"size": [7, 11, 4],
							"uv": {
								"north": {"uv": [0, 0], "uv_size": [7, 9]},
								"east": {"uv": [12, 9], "uv_size": [3, 9]},
								"south": {"uv": [7, 0], "uv_size": [7, 9]},
								"west": {"uv": [14, 0], "uv_size": [3, 9]},
								"up": {"uv": [15, 15], "uv_size": [7, 3]},
								"down": {"uv": [0, 19], "uv_size": [7, -3]}
							}
						},
						{
							"origin": [2.5, 3, -1],
							"size": [1, 4.25, 6],
							"uv": {
								"north": {"uv": [10, 22], "uv_size": [1, 2.25]},
								"east": {"uv": [14, 18], "uv_size": [5, 2.25]},
								"south": {"uv": [11, 22], "uv_size": [1, 2.25]},
								"west": {"uv": [0, 19], "uv_size": [5, 2.25]},
								"up": {"uv": [0, 22], "uv_size": [1, 5]},
								"down": {"uv": [1, 27], "uv_size": [1, -5]}
							}
						},
						{
							"origin": [-3.5, 3, -1],
							"size": [1, 4.25, 6],
							"uv": {
								"north": {"uv": [12, 22], "uv_size": [1, 2.25]},
								"east": {"uv": [19, 18], "uv_size": [5, 2.25]},
								"south": {"uv": [22, 12], "uv_size": [1, 2.25]},
								"west": {"uv": [5, 21], "uv_size": [5, 2.25]},
								"up": {"uv": [2, 22], "uv_size": [1, 5]},
								"down": {"uv": [3, 27], "uv_size": [1, -5]}
							}
						},
						{
							"origin": [-1.25, 11.5, 5],
							"size": [1, 3, 2],
							"uv": {
								"north": {"uv": [7, 16], "uv_size": [1, 1]},
								"east": {"uv": [8, 16], "uv_size": [1, 1]},
								"south": {"uv": [9, 16], "uv_size": [1, 1]},
								"west": {"uv": [10, 16], "uv_size": [1, 1]},
								"up": {"uv": [11, 16], "uv_size": [1, 1]},
								"down": {"uv": [7, 18], "uv_size": [1, -1]}
							}
						},
						{
							"origin": [0.25, 11.5, 5],
							"size": [1, 3, 2],
							"uv": {
								"north": {"uv": [8, 17], "uv_size": [1, 1]},
								"east": {"uv": [9, 17], "uv_size": [1, 1]},
								"south": {"uv": [10, 17], "uv_size": [1, 1]},
								"west": {"uv": [11, 17], "uv_size": [1, 1]},
								"up": {"uv": [5, 19], "uv_size": [1, 1]},
								"down": {"uv": [6, 20], "uv_size": [1, -1]}
							}
						}
					]
				}
			]
		}
	]
}