{
	"format_version": "1.12.0",
	"minecraft:geometry": [
		{
			"description": {
				"identifier": "geometry.tv",
				"texture_width": 128,
				"texture_height": 128,
				"visible_bounds_width": 3,
				"visible_bounds_height": 2.5,
				"visible_bounds_offset": [0, 0.75, 0]
			},
			"bones": [
				{
					"name": "tv",
					"pivot": [8, 0, 0],
					"cubes": [
						{
							"origin": [-0.5, 3, -1],
							"size": [1, 1, 1],
							"uv": {
								"north": {"uv": [34, 49.56], "uv_size": [3.16, 5.64]},
								"east": {"uv": [34, 49.56], "uv_size": [3.16, 5.64]},
								"south": {"uv": [34, 49.56], "uv_size": [3.16, 5.64]},
								"west": {"uv": [34, 49.56], "uv_size": [3.16, 5.64]},
								"up": {"uv": [37.16, 55.2], "uv_size": [-3.16, -5.64]},
								"down": {"uv": [37.16, 55.2], "uv_size": [-3.16, -5.64]}
							}
						},
						{
							"origin": [0.75738, 1.79133, -10.91155],
							"size": [2, 1, 11],
							"pivot": [1.75738, 1.29133, -0.91155],
							"rotation": [10, -65, 0],
							"uv": {
								"north": {"uv": [19.28, 50.48], "uv_size": [-9.92, -5.96]},
								"east": {"uv": [19.28, 50.48], "uv_size": [-9.92, -5.96]},
								"south": {"uv": [19.28, 50.48], "uv_size": [-9.92, -5.96]},
								"west": {"uv": [19.28, 50.48], "uv_size": [-9.92, -5.96]},
								"up": {"uv": [9.36, 44.52], "uv_size": [9.92, 5.96]},
								"down": {"uv": [9.36, 44.52], "uv_size": [9.92, 5.96]}
							}
						},
						{
							"origin": [0.65082, 1.79133, -10.47093],
							"size": [2, 1, 11],
							"pivot": [1.65082, 1.29133, -0.47093],
							"rotation": [10, -120, 0],
							"uv": {
								"north": {"uv": [4, 45], "uv_size": [-2, -11]},
								"east": {"uv": [4, 45], "uv_size": [-2, -11]},
								"south": {"uv": [4, 45], "uv_size": [-2, -11]},
								"west": {"uv": [4, 45], "uv_size": [-2, -11]},
								"up": {"uv": [2, 34], "uv_size": [2, 11]},
								"down": {"uv": [2, 34], "uv_size": [2, 11]}
							}
						},
						{
							"origin": [-2.65082, 1.79133, -10.47093],
							"size": [2, 1, 11],
							"pivot": [-1.65082, 1.29133, -0.47093],
							"rotation": [10, 120, 0],
							"uv": {
								"north": {"uv": [10.08, 49.16], "uv_size": [11, 1]},
								"east": {"uv": [10.08, 49.16], "uv_size": [11, 1]},
								"south": {"uv": [10.08, 49.16], "uv_size": [11, 1]},
								"west": {"uv": [10.08, 49.16], "uv_size": [11, 1]},
								"up": {"uv": [21.08, 50.16], "uv_size": [-11, -1]},
								"down": {"uv": [21.08, 50.16], "uv_size": [-11, -1]}
							}
						},
						{
							"origin": [-2.81032, 1.79133, -10.91155],
							"size": [2, 1, 11],
							"pivot": [-1.81032, 1.29133, -0.91155],
							"rotation": [10, 65, 0],
							"uv": {
								"north": {"uv": [34, 56.96], "uv_size": [-17.44, -3.48]},
								"east": {"uv": [34, 56.96], "uv_size": [-17.44, -3.48]},
								"south": {"uv": [34, 56.96], "uv_size": [-17.44, -3.48]},
								"west": {"uv": [34, 56.96], "uv_size": [-17.44, -3.48]},
								"up": {"uv": [16.56, 53.48], "uv_size": [17.44, 3.48]},
								"down": {"uv": [16.56, 53.48], "uv_size": [17.44, 3.48]}
							}
						},
						{
							"origin": [-1.57647, 1.94219, -1.69913],
							"size": [3.1, 1, 2],
							"uv": {
								"north": {"uv": [30.96, 40.36], "uv_size": [3, 1]},
								"east": {"uv": [30.96, 40.36], "uv_size": [3, 1]},
								"south": {"uv": [30.96, 40.36], "uv_size": [3, 1]},
								"west": {"uv": [30.96, 40.36], "uv_size": [3, 1]},
								"up": {"uv": [33.96, 41.36], "uv_size": [-3, -1]},
								"down": {"uv": [33.96, 41.36], "uv_size": [-3, -1]}
							}
						},
						{
							"origin": [-15.0444, 4, -1],
							"size": [30, 17, 1],
							"uv": {
								"north": {"uv": [63.28, 0], "uv_size": [-61.84, 33.48]},
								"east": {"uv": [50, 39.6], "uv_size": [-35.2, 16.44]},
								"south": {"uv": [50, 39.6], "uv_size": [-35.2, 16.44]},
								"west": {"uv": [50, 39.6], "uv_size": [-35.2, 16.44]},
								"up": {"uv": [14.8, 56.04], "uv_size": [35.2, -16.44]},
								"down": {"uv": [14.8, 56.04], "uv_size": [35.2, -16.44]}
							}
						}
					]
				}
			]
		}
	]
}