{
  "pools" : [
    {
      "rolls" : 1,
      "entries" : [
        {
          "functions" : [
            {
              "count" : {
                "min" : 0,
                "max" : 2
              },
              "function" : "set_count"
            }
          ],
          "weight" : 1,
          "type" : "item",
          "name" : "minecraft:apple"
        },
	{
          "functions" : [
            {
              "count" : {
                "min" : 1,
                "max" : 3
              },
              "function" : "set_count"
            }
          ],
          "weight" : 1,
          "type" : "item",
          "name" : "minecraft:cooked_beef"
        }
      ]
    }
  ]
}