{
  "pools" : [
    {
      "rolls" : 1,
      "entries" : [
        {
          "functions" : [
            {
              "count" : {
                "min" : 1,
                "max" : 1
              },
              "function" : "set_count"
            }
          ],
          "weight" : 1,
          "type" : "item",
          "name" : "minecraft:apple"
        },
        {
          "functions" : [
            {
              "count" : {
                "min" : 1,
                "max" : 1
              },
              "function" : "set_count"
            }
          ],
          "weight" : 1,
          "type" : "item",
          "name" : "minecraft:poisonous_potato"
        },
        {
          "functions" : [
            {
              "count" : {
                "min" : 1,
                "max" : 1
              },
              "function" : "set_count"
            }
          ],
          "weight" : 1,
          "type" : "item",
          "name" : "minecraft:ancient_debris"
        }
      ]
    }
  ]
}