{
  "minecraft:entity" : {
    "components" : {
      "minecraft:behavior.tempt" : {
        "items" : [
          "potato",
          "carrot",
          "beetroot",
          "carrotOnAStick"
        ],
        "speed_multiplier" : 1.2,
        "priority" : 5
      },
      "minecraft:behavior.random_look_around" : {
        "priority" : 9
      },
      "minecraft:behavior.mount_pathing" : {
        "speed_multiplier" : 1.25,
        "priority" : 1,
        "target_dist" : 0,
        "track_target" : true
      },
      "minecraft:behavior.random_stroll" : {
        "speed_multiplier" : 1,
        "priority" : 7
      },
      "minecraft:jump.static" : {

      },
      "minecraft:health" : {
        "max" : 10,
        "value" : 10
      },
      "minecraft:movement" : {
        "max" : 0,
        "value" : 0
      },
      "minecraft:behavior.look_at_player" : {
        "look_distance" : 1,
        "probability" : 0.0000002,
        "priority" : 1
      },
      "minecraft:breathable" : {
        "totalSupply" : 15,
        "breathesWater" : true,
        "generatesBubbles" : false,
        "breathesAir" : true,
        "suffocateTime" : -1
      },
      "minecraft:damage_sensor" : {
        "on_damage" : {
          "filters" : {
            "subject" : "other",
            "value" : "lightning",
            "test" : "is_family"
          },
          "event" : "become_zombie"
        },
        "deals_damage" : false
      },
      "minecraft:experience_reward" : {
        "on_bred" : "0",
        "on_death" : "0"
      },
      "minecraft:behavior.float" : {
        "speed_multiplier" : 1
      },
      "minecraft:physics" : {

      },
      "minecraft:fall_damage" : {
        "max" : 0.10000000000000001,
        "value" : 0.10000000000000001
      },
      "minecraft:type_family" : {
        "family" : [
          "pig"
        ]
      },
      "minecraft:movement.basic" : {

      },
      "minecraft:navigation.walk" : {
        "avoid_damage_blocks" : true,
        "avoid_water" : true,
        "can_path_over_water" : true
      },
      "minecraft:balloonable" : {
        "mass" : 0.75
      },
      "minecraft:scale" : {
        "max" : 1,
        "value" : 1
      },
      "minecraft:collision_box" : false,
      "minecraft:collision" : false,
      "minecraft:leashable" : {
        "hard_distance" : 6,
        "max_distance" : 10,
        "on_leash" : {
          "event" : "minecraft:on_leash",
          "target" : "self"
        },
        "on_unleash" : {
          "event" : "minecraft:on_unleash",
          "target" : "self"
        },
        "soft_distance" : 4
      }
    },
    "component_groups" : {
      "minecraft:pig_baby" : {
        "minecraft:is_baby" : {

        },
        "minecraft:scale" : {
          "value" : 0.5
        },
        "minecraft:ageable" : {
          "feedItems" : [
            "carrot",
            "beetroot",
            "potato"
          ],
          "duration" : 1200,
          "grow_up" : {
            "event" : "minecraft:ageable_grow_up",
            "target" : "self"
          }
        },
        "minecraft:behavior.follow_parent" : {
          "speed_multiplier" : 0.00000001,
          "priority" : 1
        }
      },
      "minecraft:pig_transform" : {
        "minecraft:transformation" : {
          "into" : "minecraft:pig_zombie",
          "delay" : 0.5
        }
      },
      "minecraft:pig_adult" : {
        "minecraft:loot" : {
          "table" : "loot_tables\/entities\/bb_apple_imac.json"
        }
      },
      "minecraft:pig_unsaddled" : {
        "minecraft:interact" : [
          {
            "use_item" : true,
            "on_interact" : {
              "filters" : {
                "test" : "has_equipment",
                "subject" : "other",
                "value" : "saddle",
                "domain" : "hand"
              },
              "event" : "minecraft:on_saddled"
            },
            "play_sounds" : "saddle",
            "interact_text" : "action.interact.saddle"
          }
        ],
        "minecraft:rideable" : {
          "family_types" : [
            "zombie"
          ],
          "seat_count" : 1,
          "seats" : {
            "position" : [
              0,
              0.63,
              0
            ]
          }
        }
      },
      "minecraft:pig_saddled" : {
        "minecraft:is_saddled" : {

        },
        "minecraft:boostable" : {
          "boost_items" : [
            {
              "item_damage" : 2,
              "replaceItem" : "fishing_rod",
              "item" : "carrotOnAStick"
            }
          ],
          "speed_multiplier" : 2,
          "duration" : 3
        },
        "minecraft:behavior.controlled_by_player" : {
          "priority" : 0
        },
        "minecraft:loot" : {
          "table" : "loot_tables\/entities\/bb_apple_tv.json"
        },
        "minecraft:item_controllable" : {
          "control_items" : "carrotOnAStick"
        },
        "minecraft:rideable" : {
          "seats" : {
            "position" : [
              0,
              0.63,
              0
            ]
          },
          "seat_count" : 1,
          "family_types" : [
            "player"
          ],
          "interact_text" : "action.interact.mount"
        }
      },
      "minecraft:pig_leashed" : {
        "minecraft:behavior.move_towards_restriction" : {
          "speed_multiplier" : 0,
          "priority" : 0
        }
      }
    },
    "description" : {
      "is_spawnable" : true,
      "is_summonable" : true,
      "identifier" : "bb:apple_tv",
      "is_experimental" : false
    },
    "events" : {
      "become_zombie" : {
        "add" : {
          "component_groups" : [
            "minecraft:pig_transform"
          ]
        },
        "remove" : {

        }
      },
      "minecraft:entity_born" : {
        "add" : {
          "component_groups" : [
            "minecraft:pig_baby"
          ]
        },
        "remove" : {

        }
      },
      "minecraft:entity_spawned" : {
        "randomize" : [
          {
            "add" : {
              "component_groups" : [
                "minecraft:pig_adult",
                "minecraft:pig_unsaddled"
              ]
            },
            "remove" : {

            },
            "weight" : 95
          },
          {
            "add" : {
              "component_groups" : [
                "minecraft:pig_baby"
              ]
            },
            "remove" : {

            },
            "weight" : 5
          }
        ]
      },
      "minecraft:ageable_grow_up" : {
        "add" : {
          "component_groups" : [
            "minecraft:pig_adult",
            "minecraft:pig_unsaddled"
          ]
        },
        "remove" : {
          "component_groups" : [
            "minecraft:pig_baby"
          ]
        }
      },
      "minecraft:on_saddled" : {
        "add" : {
          "component_groups" : [
            "minecraft:pig_saddled"
          ]
        },
        "remove" : {
          "component_groups" : [
            "minecraft:pig_unsaddled"
          ]
        }
      },
      "minecraft:on_unleash" : {
        "remove" : {
          "component_groups" : [
            "minecraft:pig_leashed"
          ]
        }
      },
      "minecraft:on_leash" : {
        "add" : {
          "component_groups" : [
            "minecraft:pig_leashed"
          ]
        }
      }
    }
  },
  "format_version" : "1.8.0"
}