{
  "format_version": "1.16.100",
  "minecraft:entity": {
    "description": {
      "identifier": "bb:metal_detector",
      "is_spawnable": true,
      "is_summonable": true,
      "is_experimental": false
    },
    "components": {
	  "minecraft:type_family": {
	    "family": [ "inanimate" ]
	  },
	  "minecraft:collision_box": {
	    "width": 0.5,
	    "height": 2.0
	  },
	  "minecraft:push_through": {
	    "value": 1.0
	  },
	  "minecraft:interact": [
	    {
		  "on_interact": { "filters": { "all_of": [
			    { "test": "is_family", "subject": "other", "value": "player" },
			    { "test": "has_equipment", "subject": "other", "domain": "hand", "value": "stick" },
			    { "test": "has_ability", "subject": "other", "value": "instabuild" }
			  ] }, "event": "minecraft:event_despawn" }, "swing": true, "spawn_items": { "table": "loot_tables/entities/metal_detector.json" }
		}
	  ],
	  "minecraft:fire_immune": true,
	  "minecraft:health": {
	    "value": 2
	  },
	  "minecraft:knockback_resistance": {
	    "value": 1.0
	  },
	  "minecraft:damage_sensor": [
		{
		  "cause": "any",
		  "deals_damage": false
		}
	  ],
	  "minecraft:physics": {
	    "has_collision": false,
	    "has_gravity": false
	  },
	  "minecraft:pushable": {
	    "is_pushable": true,
	    "is_pushable_by_piston": true
	  }
    }
  }
}