{
  "format_version": "1.16.100",
  "minecraft:client_entity": {
    "description": {
      "identifier": "bb:metal_detector",
      "materials": {
        "default": "translucence"
      },
      "textures": {
        "default": "textures\/entity\/blockbudget\/metal_detector"
      },
      "geometry": {
        "default": "geometry.metal_detector"
      },
      "render_controllers": [ "controller.render.translucence" ],
      "spawn_egg": {
        "texture": "metal_detector",
        "texture_index": 27
      }
    }
  }
}