{
  "minecraft:client_entity" : {
    "description" : {
      "render_controllers" : [
        "controller.render.cow"
      ],
      "materials" : {
        "default" : "cow"
      },
      "geometry" : {
        "default" : "geometry.rubbish_bin"
      },
      "animations" : {
        "walk" : "animation.quadruped.walk",
        "look_at_target" : "animation.common.look_at_target",
        "baby_transform" : "animation.cow.baby_transform",
        "setup" : "animation.cow.setup"
      },
      "spawn_egg" : {
        "texture" : "bb:rubbish_bin",
        "texture_index" : 0
      },
      "identifier" : "bb:rubbish_bin",
      "scripts" : {
        "animate" : [
          "setup",
          {
            "walk" : "query.modified_move_speed"
          },
          "look_at_target",
          {
            "baby_transform" : "query.is_baby"
          }
        ]
      },
      "textures" : {
        "default" : "textures\/entity\/blockbudget\/bb_rubbish_bin"
      }
    }
  },
  "format_version" : "1.16.100"
}