{
  "minecraft:item" : {
    "components" : {
      "minecraft:use_duration" : 50,
      "minecraft:stack_by_data" : true,
      "minecraft:max_stack_size" : 64,
      "minecraft:hand_equipped" : false,
      "minecraft:foil" : false,
      "minecraft:food" : {
        "effects" : [
          {
            "duration" : 30,
            "name" : "regeneration",
            "amplifier" : 1,
            "chance" : 1
          },
          {
            "duration" : 30,
            "name" : "speed",
            "amplifier" : 1,
            "chance" : 1
          },
          {
            "duration" : 30,
            "name" : "instant_health",
            "amplifier" : 1,
            "chance" : 1
          }
        ],
        "can_always_eat" : true,
        "saturation_modifier" : "supernatural",
        "nutrition" : 10
      }
    },
    "description" : {
      "identifier" : "bb:medicine"
    }
  },
  "format_version" : "1.16.100"
}