{
  "minecraft:item" : {
    "components" : {
      "minecraft:use_duration" : 30,
      "minecraft:stack_by_data" : true,
      "minecraft:max_stack_size" : 64,
      "minecraft:hand_equipped" : false,
      "minecraft:foil" : false,
      "minecraft:food" : {
        "effects" : [
          {
            "duration" : 128,
            "name" : "speed",
            "amplifier" : 2,
            "chance" : 1
          },
          {
            "duration" : 128,
            "name" : "health_boost",
            "amplifier" : 5,
            "chance" : 1
          },
          {
            "duration" : 128,
            "name" : "instant_health",
            "amplifier" : 5,
            "chance" : 1
          }
        ],
        "can_always_eat" : true,
        "saturation_modifier" : "normal",
        "nutrition" : 6
      }
    },
    "description" : {
      "identifier" : "bb:pizza"
    }
  },
  "format_version" : "1.16.100"
}