{
  "minecraft:recipe_shaped" : {
    "result" : {
      "count" : 1,
      "data" : 0,
      "item" : "bb:locker_block"
    },
    "tags" : [
      "crafting_table"
    ],
    "key" : {
      "A" : {
        "item" : "minecraft:iron_block"
      },
      "B" : {
        "item" : "minecraft:iron_bars"
      },
      "C" : {
        "item" : "minecraft:lever"
      }
    },
    "pattern" : [
      "AAA",
      "ABA",
      "ACA"
    ],
    "description" : {
      "identifier" : "bb:locker"
    }
  },
  "format_version" : "1.19"
}