{
  "minecraft:recipe_shaped" : {
    "result" : {
      "count" : 1,
      "item" : "bb:medkit"
    },
    "tags" : [
      "crafting_table"
    ],
    "key" : {
      "A" : {
        "item" : "bb:doctor_bandages"
      },
      "B" : {
        "item" : "bb:doctor_scalpel"
      },
      "C" : {
        "item" : "bb:doctor_stethoscope"
      }
    },
    "pattern" : [
      "   ",
      "ABC",
      "   "
    ],
    "description" : {
      "identifier" : "bb:medkit"
    }
  },
  "format_version" : "1.19"
}