{
	"format_version": "1.19.0",
	"minecraft:geometry": [
		{
			"description": {
				"identifier": "geometry.string_lights",
				"texture_width": 16,
				"texture_height": 16,
				"visible_bounds_width": 2,
				"visible_bounds_height": 2.5,
				"visible_bounds_offset": [0, 0.75, 0]
			},
			"bones": [
				{
					"name": "bar",
					"pivot": [0, 0, 0],
					"cubes": [
						{"origin": [-8, 15, -0.5], "size": [0.5, 1, 1], "uv": [2, -1]},
						{"origin": [-8.30466, 14.43657, -0.5], "size": [3, 1, 1], "pivot": [-6.30466, 13.43657, -0.5], "rotation": [0, 0, 20], "uv": [0, 0]},
						{"origin": [-5.22622, 13.71083, -0.5], "size": [3.95, 1, 1], "pivot": [-3.27622, 12.71083, -0.5], "rotation": [0, 0, 10], "uv": [0, 2]},
						{"origin": [7.5, 15, -0.5], "size": [0.5, 1, 1], "uv": [3, 2]},
						{"origin": [5.30466, 14.43657, -0.5], "size": [3, 1, 1], "pivot": [6.30466, 13.43657, -0.5], "rotation": [0, 0, -20], "uv": [0, 4]},
						{"origin": [-1.13295, 13.34834, -0.5], "size": [2.25, 1, 1], "uv": [8, 6]},
						{"origin": [1.27622, 13.71083, -0.5], "size": [3.95, 1, 1], "pivot": [3.27622, 12.71083, -0.5], "rotation": [0, 0, -10], "uv": [0, 6]}
					]
				},
				{
					"name": "bulbs",
					"pivot": [0, 0, 0],
					"cubes": [
						{"origin": [5.5, 12.5, -0.75], "size": [2, 2, 1.5], "pivot": [6.5, 12.5, 0.25], "rotation": [0, 0, -17.5], "uv": [0, 8]},
						{"origin": [1.25, 11.6, -0.75], "size": [2, 2, 1.5], "pivot": [2.25, 11.6, 0.25], "rotation": [0, 0, -9], "uv": [8, 3]},
						{"origin": [-3.25, 11.6, -0.75], "size": [2, 2, 1.5], "pivot": [-2.25, 11.6, 0.25], "rotation": [0, 0, 9], "uv": [8, 0]},
						{"origin": [-7.5, 12.5, -0.75], "size": [2, 2, 1.5], "pivot": [-6.5, 12.5, 0.25], "rotation": [0, 0, 17.5], "uv": [6, 8]}
					]
				}
			]
		}
	]
}