{
  "minecraft:entity" : {
    "components" : {
      "minecraft:behavior.random_look_around" : {
        "priority" : 9
      },
      "minecraft:leashable" : {
        "hard_distance" : 96,
        "max_distance" : 100,
        "on_leash" : {
          "event" : "minecraft:on_leash",
          "target" : "self"
        },
        "on_unleash" : {
          "event" : "minecraft:on_unleash",
          "target" : "self"
        },
        "soft_distance" : 4
      },
      "minecraft:behavior.mount_pathing" : {
        "speed_multiplier" : 1.5,
        "priority" : 2,
        "target_dist" : 0,
        "track_target" : true
      },
      "minecraft:behavior.random_stroll" : {
        "speed_multiplier" : 0.80000000000000004,
        "priority" : 6
      },
      "minecraft:jump.static" : {

      },
      "minecraft:health" : {
        "max" : 10,
        "value" : 10
      },
      "minecraft:movement" : {
        "max" : 0,
        "value" : 0
      },
      "minecraft:behavior.look_at_player" : {
        "look_distance" : 6,
        "probability" : 0.02,
        "priority" : 7
      },
      "minecraft:breathable" : {
        "totalSupply" : 15,
        "breathesWater" : true,
        "generatesBubbles" : false,
        "breathesAir" : true,
        "suffocateTime" : -1
      },
      "minecraft:experience_reward" : {
        "on_bred" : "10",
        "on_death" : "10"
      },
      "minecraft:behavior.breed" : {
        "speed_multiplier" : 1,
        "priority" : 3
      },
      "minecraft:behavior.float" : {
        "speed_multiplier" : 1
      },
      "minecraft:behavior.follow_parent" : {
        "speed_multiplier" : 1.1000000000000001,
        "priority" : 5
      },
      "minecraft:nameable" : {
        "allow_name_tag_renaming" : true,
        "always_show" : false
      },
      "minecraft:physics" : {

      },
      "minecraft:type_family" : {
        "family" : [
          "cow"
        ]
      },
      "minecraft:movement.basic" : {

      },
      "minecraft:inventory" : {
        "inventory_size" : 100,
        "can_be_siphoned_from" : true,
        "container_type" : "horse"
      },
      "minecraft:navigation.walk" : {
        "avoid_damage_blocks" : true,
        "avoid_water" : true,
        "can_path_over_water" : false
      },
      "minecraft:balloonable" : {

      },
      "minecraft:loot" : {
        "table" : "loot_tables\/entities\/rubbish.json"
      },
      "minecraft:scale" : {
        "max" : 1,
        "value" : 1
      },
      "minecraft:collision_box" : {
        "width" : 0.90000000000000002,
        "height" : 1.3
      },
      "minecraft:behavior.tempt" : {
        "items" : [
          "apple"
        ],
        "speed_multiplier" : 1.25,
        "priority" : 4
      }
    },
    "component_groups" : {
      "minecraft:cow_leashed" : {
        "minecraft:behavior.move_towards_restriction" : {
          "speed_multiplier" : 1,
          "priority" : 2
        }
      },
      "minecraft:cow_baby" : {
        "minecraft:is_baby" : {

        },
        "minecraft:scale" : {
          "value" : 0.5
        },
        "minecraft:ageable" : {
          "feedItems" : "apple",
          "duration" : 2,
          "grow_up" : {
            "event" : "minecraft:ageable_grow_up",
            "target" : "self"
          }
        },
        "minecraft:behavior.follow_parent" : {
          "speed_multiplier" : 1.1000000000000001,
          "priority" : 6
        }
      },
      "minecraft:cow_adult" : {
        "minecraft:interact" : [
          {
            "use_item" : true,
            "transform_to_item" : "bucket:1",
            "on_interact" : {
              "filters" : {
                "all_of" : [
                  {
                    "subject" : "other",
                    "value" : "player",
                    "test" : "is_family"
                  },
                  {
                    "test" : "has_equipment",
                    "subject" : "other",
                    "value" : "bucket:0",
                    "domain" : "hand"
                  }
                ]
              }
            },
            "play_sounds" : "milk",
            "interact_text" : "Extract Liquids"
          }
        ],
        "minecraft:loot" : {
          "table" : "loot_tables\/entities\/rubbish.json"
        }
      }
    },
    "description" : {
      "is_spawnable" : true,
      "is_summonable" : true,
      "identifier" : "bb:rubbish_bin",
      "is_experimental" : false
    },
    "events" : {
      "minecraft:on_unleash" : {
        "remove" : {
          "component_groups" : [
            "minecraft:cow_leashed"
          ]
        }
      },
      "minecraft:entity_spawned" : {
        "randomize" : [
          {
            "add" : {
              "component_groups" : [
                "minecraft:cow_adult"
              ]
            },
            "weight" : 95
          },
          {
            "add" : {
              "component_groups" : [
                "minecraft:cow_baby"
              ]
            },
            "weight" : 5
          }
        ]
      },
      "minecraft:entity_transformed" : {
        "add" : {
          "component_groups" : [
            "minecraft:cow_adult"
          ]
        },
        "remove" : {

        }
      },
      "minecraft:ageable_grow_up" : {
        "add" : {
          "component_groups" : [
            "minecraft:cow_adult"
          ]
        },
        "remove" : {
          "component_groups" : [
            "minecraft:cow_baby"
          ]
        }
      },
      "minecraft:on_leash" : {
        "add" : {
          "component_groups" : [
            "minecraft:cow_leashed"
          ]
        }
      },
      "minecraft:entity_born" : {
        "add" : {
          "component_groups" : [
            "minecraft:cow_baby"
          ]
        }
      }
    }
  },
  "format_version" : "1.16.100"
}