{
  "minecraft:entity" : {
    "components" : {
      "minecraft:behavior.tempt" : {
        "items" : [
          "wheat"
        ],
        "speed_multiplier" : 1.25,
        "priority" : 4
      },
      "minecraft:behavior.random_look_around" : {
        "priority" : 9
      },
      "minecraft:behavior.mount_pathing" : {
        "speed_multiplier" : 1.5,
        "priority" : 2,
        "target_dist" : 0,
        "track_target" : true
      },
      "minecraft:behavior.random_stroll" : {
        "speed_multiplier" : 0.80000000000000004,
        "priority" : 7
      },
      "minecraft:jump.static" : {

      },
      "minecraft:health" : {
        "max" : 8,
        "value" : 8
      },
      "minecraft:interact" : [
        {
          "spawn_items" : {
            "table" : "loot_tables\/entities\/open_happy_meal.json"
          },
          "cooldown" : 2.5,
          "use_item" : false,
          "hurt_item" : 0,
          "play_sounds" : "shear",
          "interact_text" : "Open Happy Meal",
          "on_interact" : {
            "filters" : {
              "all_of" : [
                {
                  "subject" : "other",
                  "domain" : "hand"
                },
                {
                  "subject" : "other",
                  "value" : "player",
                  "test" : "is_family"
                },
                {
                  "operator" : "!=",
                  "value" : "minecraft:is_baby",
                  "test" : "has_component"
                },
                {
                  "value" : "minecraft:is_dyeable",
                  "test" : "has_component"
                }
              ]
            },
            "event" : "minecraft:on_sheared",
            "target" : "self"
          }
        }
      ],
      "minecraft:movement" : {
        "max" : 0,
        "value" : 0
      },
      "minecraft:behavior.look_at_player" : {
        "look_distance" : 6,
        "probability" : 0.02,
        "priority" : 8
      },
      "minecraft:breathable" : {
        "totalSupply" : 15,
        "breathesWater" : true,
        "generatesBubbles" : false,
        "breathesAir" : true,
        "suffocateTime" : -1
      },
      "minecraft:experience_reward" : {
        "on_bred" : "0",
        "on_death" : "100"
      },
      "minecraft:behavior.float" : {
        "speed_multiplier" : 1
      },
      "minecraft:behavior.follow_parent" : {
        "speed_multiplier" : 1.1000000000000001,
        "priority" : 5
      },
      "minecraft:nameable" : {
        "allow_name_tag_renaming" : true,
        "always_show" : true
      },
      "minecraft:behavior.eat_block" : {
        "on_eat" : {
          "event" : "minecraft:on_eat_block",
          "target" : "self"
        },
        "priority" : 6
      },
      "minecraft:type_family" : {
        "family" : [
          "sheep"
        ]
      },
      "minecraft:movement.basic" : {

      },
      "minecraft:physics" : {

      },
      "minecraft:navigation.walk" : {
        "avoid_water" : true,
        "can_path_over_water" : true
      },
      "minecraft:balloonable" : {
        "mass" : 0.75
      },
      "minecraft:loot" : {
        "table" : "loot_tables\/entities\/happy_meal.json"
      },
      "minecraft:scale" : {
        "max" : 1,
        "value" : 1
      },
      "minecraft:collision_box" : {
        "width" : 0.90000000000000002,
        "height" : 1.3
      },
      "minecraft:leashable" : {
        "hard_distance" : 6,
        "max_distance" : 10,
        "on_leash" : {
          "event" : "minecraft:on_leash",
          "target" : "self"
        },
        "on_unleash" : {
          "event" : "minecraft:on_unleash",
          "target" : "self"
        },
        "soft_distance" : 4
      }
    },
    "component_groups" : {
      "minecraft:sheep_dyeable" : {
        "minecraft:is_dyeable" : {
          "interact_text" : "."
        }
      },
      "minecraft:sheep_adult" : {

      },
      "minecraft:sheep_white" : {
        "minecraft:color" : {
          "value" : 0
        }
      },
      "minecraft:loot_wooly" : {
        "minecraft:loot" : {
          "table" : "loot_tables\/entities\/sheep.json"
        }
      },
      "minecraft:sheep_sheared" : {
        "minecraft:is_sheared" : {

        }
      },
      "minecraft:loot_sheared" : {
        "minecraft:loot" : {
          "table" : "loot_tables\/entities\/sheep_sheared.json"
        }
      },
      "minecraft:sheep_leashed" : {
        "minecraft:behavior.move_towards_restriction" : {
          "speed_multiplier" : 1,
          "priority" : 2
        }
      },
      "minecraft:rideable_sheared" : {
        "minecraft:rideable" : {
          "family_types" : [
            "zombie"
          ],
          "seat_count" : 1,
          "seats" : {
            "position" : [
              0,
              0.90000000000000002,
              0
            ]
          }
        }
      },
      "minecraft:sheep_baby" : {
        "minecraft:is_baby" : {

        },
        "minecraft:scale" : {
          "value" : 0.5
        },
        "minecraft:ageable" : {
          "feedItems" : "wheat",
          "duration" : 1200,
          "grow_up" : {
            "event" : "minecraft:ageable_grow_up",
            "target" : "self"
          }
        },
        "minecraft:behavior.follow_parent" : {
          "speed_multiplier" : 1.1000000000000001,
          "priority" : 6
        }
      },
      "minecraft:sheep_brown" : {
        "minecraft:color" : {
          "value" : 12
        }
      },
      "minecraft:sheep_gray" : {
        "minecraft:color" : {
          "value" : 8
        }
      },
      "minecraft:sheep_light_gray" : {
        "minecraft:color" : {
          "value" : 7
        }
      },
      "minecraft:sheep_pink" : {
        "minecraft:color" : {
          "value" : 6
        }
      },
      "minecraft:sheep_black" : {
        "minecraft:color" : {
          "value" : 15
        }
      },
      "minecraft:rideable_wooly" : {
        "minecraft:rideable" : {
          "family_types" : [
            "zombie"
          ],
          "seat_count" : 1,
          "seats" : {
            "position" : [
              0,
              0.97499999999999998,
              0
            ]
          }
        }
      },
      "minecraft:sheep_red" : {
        "minecraft:color" : {
          "value" : 14
        }
      }
    },
    "description" : {
      "is_spawnable" : true,
      "is_summonable" : true,
      "identifier" : "bb:happy_meal",
      "is_experimental" : false
    },
    "events" : {
      "wololo" : {
        "add" : {
          "component_groups" : [
            "minecraft:sheep_red"
          ]
        }
      },
      "minecraft:entity_born" : {
        "add" : {
          "component_groups" : [
            "minecraft:sheep_baby",
            "minecraft:sheep_dyeable",
            "minecraft:rideable_sheared"
          ]
        },
        "remove" : {

        }
      },
      "minecraft:ageable_grow_up" : {
        "add" : {
          "component_groups" : [
            "minecraft:sheep_adult",
            "minecraft:rideable_wooly",
            "minecraft:loot_wooly"
          ]
        },
        "remove" : {
          "component_groups" : [
            "minecraft:sheep_baby"
          ]
        }
      },
      "minecraft:entity_spawned" : {
        "sequence" : [
          {
            "randomize" : [
              {
                "add" : {
                  "component_groups" : [
                    "minecraft:sheep_adult",
                    "minecraft:sheep_dyeable",
                    "minecraft:rideable_wooly",
                    "minecraft:loot_wooly"
                  ]
                },
                "remove" : {

                },
                "weight" : 95
              },
              {
                "add" : {
                  "component_groups" : [
                    "minecraft:sheep_baby",
                    "minecraft:sheep_dyeable",
                    "minecraft:rideable_sheared"
                  ]
                },
                "remove" : {

                },
                "weight" : 5
              }
            ]
          },
          {
            "randomize" : [
              {
                "add" : {
                  "component_groups" : [
                    "minecraft:sheep_white"
                  ]
                },
                "weight" : 81836
              },
              {
                "add" : {
                  "component_groups" : [
                    "minecraft:sheep_black"
                  ]
                },
                "weight" : 5000
              },
              {
                "add" : {
                  "component_groups" : [
                    "minecraft:sheep_light_gray"
                  ]
                },
                "weight" : 5000
              },
              {
                "add" : {
                  "component_groups" : [
                    "minecraft:sheep_gray"
                  ]
                },
                "weight" : 5000
              },
              {
                "add" : {
                  "component_groups" : [
                    "minecraft:sheep_brown"
                  ]
                },
                "weight" : 3000
              },
              {
                "add" : {
                  "component_groups" : [
                    "minecraft:sheep_pink"
                  ]
                },
                "weight" : 164
              }
            ]
          }
        ]
      },
      "minecraft:on_sheared" : {
        "add" : {
          "component_groups" : [
            "minecraft:sheep_sheared",
            "minecraft:rideable_sheared",
            "minecraft:loot_sheared"
          ]
        },
        "remove" : {
          "component_groups" : [
            "minecraft:sheep_dyeable",
            "minecraft:loot_wooly"
          ]
        }
      },
      "minecraft:on_eat_block" : {
        "sequence" : [
          {
            "add" : {
              "component_groups" : [
                "minecraft:sheep_dyeable"
              ]
            },
            "remove" : {
              "component_groups" : [
                "minecraft:sheep_sheared"
              ]
            }
          },
          {
            "filters" : {
              "test" : "has_component",
              "subject" : "other",
              "value" : "minecraft:is_baby",
              "operator" : "!="
            },
            "add" : {
              "component_groups" : [
                "minecraft:rideable_wooly",
                "minecraft:loot_wooly"
              ]
            },
            "remove" : {
              "component_groups" : [
                "minecraft:loot_sheared"
              ]
            }
          }
        ]
      },
      "minecraft:on_unleash" : {
        "remove" : {
          "component_groups" : [
            "minecraft:sheep_leashed"
          ]
        }
      },
      "minecraft:on_leash" : {
        "add" : {
          "component_groups" : [
            "minecraft:sheep_leashed"
          ]
        }
      }
    }
  },
  "format_version" : "1.16.100"
}