{
  "minecraft:block" : {
    "components" : {
      "minecraft:friction" : 0.69999998807907104,
      "minecraft:block_light_absorption" : 0,
      "minecraft:block_light_emission" : 0.25,
      "minecraft:entity_collision" : {
        "origin" : [
          -8,
          0,
          -8
        ],
        "size" : [
          11,
          32,
          11
        ]
      },
      "minecraft:pick_collision" : {
        "origin" : [
          -8,
          0,
          -8
        ],
        "size" : [
          16,
          16,
          16
        ]
      },
      "minecraft:map_color" : "#FFFFFF",
      "minecraft:loot" : "loot_tables\/blocks\/bb_lamp.json",
      "tag:minecraft:wood" : {

      },
      "minecraft:material_instances" : {
        "*" : {
          "texture" : "bb:lamp",
          "render_method" : "opaque"
        }
      },
      "minecraft:on_placed" : {
        "event" : "bb:placed",
        "target" : "self"
      },
      "minecraft:on_player_destroyed" : {
        "event" : "bb:on_destroy",
        "target" : "self"
      },
      "minecraft:destroy_time" : 3,
      "minecraft:on_step_on" : {
        "event" : "bb:step_on",
        "target" : "self"
      },
      "minecraft:geometry" : "geometry.lamp",
      "minecraft:on_step_off" : {
        "event" : "bb:step_off",
        "target" : "self"
      },
      "minecraft:explosion_resistance" : 5,
      "minecraft:on_player_placing" : {
        "event" : "update_rotation"
      }
    },
    "permutations" : [
      {
        "condition" : "query.block_property('stair:rotation') == 2",
        "components" : {
          "minecraft:rotation" : [
            0,
            0,
            0
          ]
        }
      },
      {
        "condition" : "query.block_property('stair:rotation') == 3",
        "components" : {
          "minecraft:rotation" : [
            0,
            -180,
            0
          ]
        }
      },
      {
        "condition" : "query.block_property('stair:rotation') == 4",
        "components" : {
          "minecraft:rotation" : [
            0,
            90,
            0
          ]
        }
      },
      {
        "condition" : "query.block_property('stair:rotation') == 5",
        "components" : {
          "minecraft:rotation" : [
            0,
            -90,
            0
          ]
        }
      }
    ],
    "description" : {
      "properties" : {
        "stair:rotation" : [
          0,
          1,
          2,
          3,
          4,
          5,
          6
        ]
      },
      "identifier" : "bb:lamp",
      "register_to_creative_menu": true,
      "category": "Construction"
    },
    "events" : {
      "bb:step_off" : {

      },
      "bb:on_tick" : {

      },
      "bb:step_on" : {

      },
      "update_rotation" : {
        "set_block_property" : {
          "stair:rotation" : "query.cardinal_facing_2d"
        }
      },
      "bb:on_random_tick" : {

      },
      "bb:on_destroy" : {

      },
      "bb:placed" : {

      }
    }
  },
  "format_version" : "1.16.100"
}