{
  "resource_pack_name" : "BlockBudget[Resource]",
  "texture_name" : "atlas.items",
  "texture_data" : {
    "bb:clay" : {
      "textures" : "textures\/items\/blockbudget\/bb_crafting_clay"
    },
    "bb:ultimate_fortress" : {
      "textures" : "textures\/items\/blockbudget\/bb_base_icon"
    },
    "bb:iphone_se_2" : {
      "textures" : "textures\/items\/blockbudget\/bb_iphone_se_2"
    },
    "bb:airpods" : {
      "textures" : "textures\/items\/blockbudget\/bb_airpods"
    },
    "bb:ipad_pro" : {
      "textures" : "textures\/items\/blockbudget\/bb_ipad_pro"
    },
    "bb:apple_imac" : {
      "textures" : "textures\/items\/blockbudget\/bb_apple_imac"
    },
    "bb:apple_tv" : {
      "textures" : "textures\/items\/blockbudget\/bb_apple_tv"
    },
    "bb:hand_sanitiser" : {
      "textures" : "textures\/items\/blockbudget\/bb_hand_sanitiser"
    },
    "bb:pool_floaty" : {
      "textures" : "textures\/items\/blockbudget\/bb_pool_floaty"
    },
    "bb:apple_watch" : {
      "textures" : "textures\/items\/blockbudget\/bb_apple_watch"
    },
    "bb:bandages" : {
      "textures" : "textures\/items\/blockbudget\/bb_doctor_bandages"
    },
    "bb:doctor_scalpel" : {
      "textures" : "textures\/items\/blockbudget\/bb_doctor_scalpel"
    },
    "bb:doctor_tweezers" : {
      "textures" : "textures\/items\/blockbudget\/bb_doctor_tweezers"
    },
    "bb:doctor_stethoscope" : {
      "textures" : "textures\/items\/blockbudget\/bb_doctor_stethoscope"
    },
    "bb:medicine" : {
      "textures" : "textures\/items\/blockbudget\/bb_medicine"
    },
    "bb:medkit" : {
      "textures" : "textures\/items\/blockbudget\/bb_medkit"
    },
    "bb:pizza" : {
      "textures" : "textures\/items\/blockbudget\/bb_pizza"
    },
    "bb:pizza_box" : {
      "textures" : "textures\/items\/blockbudget\/bb_pizza_box"
    },    
    "bb:rubbish_bin" : {
      "textures" : "textures\/items\/blockbudget\/bb_rubbish_bin"
    }
  }
}