{
  "texture_data" : {
    "bb:fridge" : {
      "textures" : "textures\/blocks\/bb_fridge"
    },
    "bb:cutting_board" : {
      "textures" : "textures\/blocks\/bb_cutting_board"
    },
    "bb:oven" : {
      "textures" : "textures\/blocks\/bb_oven"
    },
     "bb:counter" : {
      "textures" : "textures\/blocks\/bb_counter"
    },
    "bb:counter_sink" : {
      "textures" : "textures\/blocks\/bb_counter_sink"
    },
    "bb:toaster" : {
      "textures" : "textures\/blocks\/bb_toaster"
    },
    "bb:stove" : {
      "textures" : "textures\/blocks\/bb_stove"
    },
    "bb:blender" : {
      "textures" : "textures\/blocks\/bb_blender"
    },
     "bb:sofa" : {
      "textures" : "textures\/blocks\/bb_sofa"
    },
     "bb:lamp" : {
      "textures" : "textures\/blocks\/bb_lamp"
    },
     "bb:pc_monitor" : {
      "textures" : "textures\/blocks\/bb_pc_monitor"
    },
     "bb:router" : {
      "textures" : "textures\/blocks\/bb_router"
    },
    "bb:pc" : {
      "textures" : "textures\/blocks\/bb_pc"
    },
    "bb:aircon" : {
      "textures" : "textures\/blocks\/bb_aircon"
    },
    "bb:gaming_chair" : {
      "textures" : "textures\/blocks\/bb_gaming_chair"
    },
    "bb:indoor_security_cam" : {
      "textures" : "textures\/blocks\/bb_indoor_security_cam"
    },
    "bb:atm" : {
      "textures" : "textures\/blocks\/bb_atm"
    },
    "bb:locker" : {
      "textures" : "textures\/blocks\/bb_locker"
    },
    "bb:tesla_charger" : {
      "textures" : "textures\/blocks\/bb_tesla_charger"
    },
    "bb:hand_sanitiser" : {
      "textures" : "textures\/blocks\/bb_hand_sanitiser"
    },
    "bb:electric_charger" : {
      "textures" : "textures\/blocks\/bb_electric_charger"
    },
    "bb:tv" : {
      "textures" : "textures\/blocks\/bb_tv_3"
    },
    "bb:toilet" : {
      "textures" : "textures\/blocks\/bb_toilet"
    },
    "bb:perfume_texture" : {
      "textures" : "textures\/blocks\/bb_perfume_texture"
    }
  },
  "num_mip_levels" : 4,
  "resource_pack_name" : "BlockBudget[Resource]",
  "texture_name" : "atlas.terrain",
  "padding" : 8
}